<?xml version="1.0" encoding="UTF-8" standalone="no"?><configurationDescriptor version="65">
  <logicalFolder displayName="root" name="root" projectFiles="true">
    <logicalFolder displayName="Header Files" name="HeaderFiles" projectFiles="true">
      <logicalFolder displayName="config" name="f1" projectFiles="true">
        <logicalFolder displayName="lcdc_rgba8888_mxt_9x60_xc32_wqvga" name="f1" projectFiles="true">
          <logicalFolder displayName="bsp" name="f2" projectFiles="true">
            <itemPath>../src/config/lcdc_rgba8888_mxt_9x60_xc32_wqvga/bsp/bsp.h</itemPath>
          </logicalFolder>
          <logicalFolder displayName="driver" name="f4" projectFiles="true">
            <logicalFolder displayName="i2c" name="f1" projectFiles="true">
              <itemPath>../src/config/lcdc_rgba8888_mxt_9x60_xc32_wqvga/driver/i2c/drv_i2c.h</itemPath>
              <itemPath>../src/config/lcdc_rgba8888_mxt_9x60_xc32_wqvga/driver/i2c/drv_i2c_definitions.h</itemPath>
            </logicalFolder>
            <logicalFolder displayName="input" name="f2" projectFiles="true">
              <itemPath>../src/config/lcdc_rgba8888_mxt_9x60_xc32_wqvga/driver/input/drv_maxtouch.h</itemPath>
            </logicalFolder>
            <itemPath>../src/config/lcdc_rgba8888_mxt_9x60_xc32_wqvga/driver/driver.h</itemPath>
            <itemPath>../src/config/lcdc_rgba8888_mxt_9x60_xc32_wqvga/driver/driver_common.h</itemPath>
          </logicalFolder>
          <logicalFolder displayName="gfx" name="f1" projectFiles="true">
            <logicalFolder displayName="driver" name="f2" projectFiles="true">
              <logicalFolder displayName="gfx2d" name="f1" projectFiles="true">
                <itemPath>../src/config/lcdc_rgba8888_mxt_9x60_xc32_wqvga/gfx/driver/processor/gfx2d/drv_gfx2d.h</itemPath>
              </logicalFolder>
              <logicalFolder displayName="lcdc" name="f2" projectFiles="true">
                <itemPath>../src/config/lcdc_rgba8888_mxt_9x60_xc32_wqvga/gfx/driver/controller/lcdc/drv_gfx_lcdc.h</itemPath>
              </logicalFolder>
            </logicalFolder>
            <logicalFolder displayName="hal" name="f1" projectFiles="true">
              <itemPath>../src/config/lcdc_rgba8888_mxt_9x60_xc32_wqvga/gfx/hal/gfx.h</itemPath>
              <itemPath>../src/config/lcdc_rgba8888_mxt_9x60_xc32_wqvga/gfx/hal/inc/gfx_color.h</itemPath>
              <itemPath>../src/config/lcdc_rgba8888_mxt_9x60_xc32_wqvga/gfx/hal/inc/gfx_common.h</itemPath>
              <itemPath>../src/config/lcdc_rgba8888_mxt_9x60_xc32_wqvga/gfx/hal/inc/gfx_context.h</itemPath>
              <itemPath>../src/config/lcdc_rgba8888_mxt_9x60_xc32_wqvga/gfx/hal/inc/gfx_default_impl.h</itemPath>
              <itemPath>../src/config/lcdc_rgba8888_mxt_9x60_xc32_wqvga/gfx/hal/inc/gfx_display.h</itemPath>
              <itemPath>../src/config/lcdc_rgba8888_mxt_9x60_xc32_wqvga/gfx/hal/inc/gfx_driver_interface.h</itemPath>
              <itemPath>../src/config/lcdc_rgba8888_mxt_9x60_xc32_wqvga/gfx/hal/inc/gfx_hal.h</itemPath>
              <itemPath>../src/config/lcdc_rgba8888_mxt_9x60_xc32_wqvga/gfx/hal/inc/gfx_interface.h</itemPath>
              <itemPath>../src/config/lcdc_rgba8888_mxt_9x60_xc32_wqvga/gfx/hal/inc/gfx_layer.h</itemPath>
              <itemPath>../src/config/lcdc_rgba8888_mxt_9x60_xc32_wqvga/gfx/hal/inc/gfx_pixel_buffer.h</itemPath>
              <itemPath>../src/config/lcdc_rgba8888_mxt_9x60_xc32_wqvga/gfx/hal/inc/gfx_processor_interface.h</itemPath>
              <itemPath>../src/config/lcdc_rgba8888_mxt_9x60_xc32_wqvga/gfx/hal/inc/gfx_rect.h</itemPath>
              <itemPath>../src/config/lcdc_rgba8888_mxt_9x60_xc32_wqvga/gfx/hal/inc/gfx_util.h</itemPath>
              <itemPath>../src/config/lcdc_rgba8888_mxt_9x60_xc32_wqvga/gfx/hal/inc/gfx_draw.h</itemPath>
              <itemPath>../src/config/lcdc_rgba8888_mxt_9x60_xc32_wqvga/gfx/hal/inc/gfx_draw_arc.h</itemPath>
              <itemPath>../src/config/lcdc_rgba8888_mxt_9x60_xc32_wqvga/gfx/hal/inc/gfx_draw_blit.h</itemPath>
              <itemPath>../src/config/lcdc_rgba8888_mxt_9x60_xc32_wqvga/gfx/hal/inc/gfx_draw_circle.h</itemPath>
              <itemPath>../src/config/lcdc_rgba8888_mxt_9x60_xc32_wqvga/gfx/hal/inc/gfx_draw_ellipse.h</itemPath>
              <itemPath>../src/config/lcdc_rgba8888_mxt_9x60_xc32_wqvga/gfx/hal/inc/gfx_draw_line.h</itemPath>
              <itemPath>../src/config/lcdc_rgba8888_mxt_9x60_xc32_wqvga/gfx/hal/inc/gfx_draw_pixel.h</itemPath>
              <itemPath>../src/config/lcdc_rgba8888_mxt_9x60_xc32_wqvga/gfx/hal/inc/gfx_draw_rect.h</itemPath>
              <itemPath>../src/config/lcdc_rgba8888_mxt_9x60_xc32_wqvga/gfx/hal/inc/gfx_draw_stretchblit.h</itemPath>
              <itemPath>../src/config/lcdc_rgba8888_mxt_9x60_xc32_wqvga/gfx/hal/inc/gfx_math.h</itemPath>
              <itemPath>../src/config/lcdc_rgba8888_mxt_9x60_xc32_wqvga/gfx/hal/gfx_config.h</itemPath>
            </logicalFolder>
            <logicalFolder displayName="libaria" name="f5" projectFiles="true">
              <itemPath>../src/config/lcdc_rgba8888_mxt_9x60_xc32_wqvga/gfx/libaria/libaria_harmony.h</itemPath>
              <itemPath>../src/config/lcdc_rgba8888_mxt_9x60_xc32_wqvga/gfx/libaria/libaria_config.h</itemPath>
              <itemPath>../src/config/lcdc_rgba8888_mxt_9x60_xc32_wqvga/gfx/libaria/libaria_init.h</itemPath>
              <itemPath>../src/config/lcdc_rgba8888_mxt_9x60_xc32_wqvga/gfx/libaria/libaria.h</itemPath>
              <itemPath>../src/config/lcdc_rgba8888_mxt_9x60_xc32_wqvga/gfx/libaria/inc/libaria_array.h</itemPath>
              <itemPath>../src/config/lcdc_rgba8888_mxt_9x60_xc32_wqvga/gfx/libaria/inc/libaria_common.h</itemPath>
              <itemPath>../src/config/lcdc_rgba8888_mxt_9x60_xc32_wqvga/gfx/libaria/inc/libaria_context.h</itemPath>
              <itemPath>../src/config/lcdc_rgba8888_mxt_9x60_xc32_wqvga/gfx/libaria/inc/libaria_draw.h</itemPath>
              <itemPath>../src/config/lcdc_rgba8888_mxt_9x60_xc32_wqvga/gfx/libaria/inc/libaria_editwidget.h</itemPath>
              <itemPath>../src/config/lcdc_rgba8888_mxt_9x60_xc32_wqvga/gfx/libaria/inc/libaria_event.h</itemPath>
              <itemPath>../src/config/lcdc_rgba8888_mxt_9x60_xc32_wqvga/gfx/libaria/inc/libaria_global.h</itemPath>
              <itemPath>../src/config/lcdc_rgba8888_mxt_9x60_xc32_wqvga/gfx/libaria/inc/libaria_input.h</itemPath>
              <itemPath>../src/config/lcdc_rgba8888_mxt_9x60_xc32_wqvga/gfx/libaria/inc/libaria_layer.h</itemPath>
              <itemPath>../src/config/lcdc_rgba8888_mxt_9x60_xc32_wqvga/gfx/libaria/inc/libaria_math.h</itemPath>
              <itemPath>../src/config/lcdc_rgba8888_mxt_9x60_xc32_wqvga/gfx/libaria/inc/libaria_list.h</itemPath>
              <itemPath>../src/config/lcdc_rgba8888_mxt_9x60_xc32_wqvga/gfx/libaria/inc/libaria_rectarray.h</itemPath>
              <itemPath>../src/config/lcdc_rgba8888_mxt_9x60_xc32_wqvga/gfx/libaria/inc/libaria_scheme.h</itemPath>
              <itemPath>../src/config/lcdc_rgba8888_mxt_9x60_xc32_wqvga/gfx/libaria/inc/libaria_screen.h</itemPath>
              <itemPath>../src/config/lcdc_rgba8888_mxt_9x60_xc32_wqvga/gfx/libaria/inc/libaria_string.h</itemPath>
              <itemPath>../src/config/lcdc_rgba8888_mxt_9x60_xc32_wqvga/gfx/libaria/inc/libaria_utils.h</itemPath>
              <itemPath>../src/config/lcdc_rgba8888_mxt_9x60_xc32_wqvga/gfx/libaria/inc/libaria_widget.h</itemPath>
              <itemPath>../src/config/lcdc_rgba8888_mxt_9x60_xc32_wqvga/gfx/libaria/inc/libaria_widget_skin_classic_common.h</itemPath>
              <itemPath>../src/config/lcdc_rgba8888_mxt_9x60_xc32_wqvga/gfx/libaria/inc/libaria_widget_arc.h</itemPath>
              <itemPath>../src/config/lcdc_rgba8888_mxt_9x60_xc32_wqvga/gfx/libaria/inc/libaria_widget_bar_graph.h</itemPath>
              <itemPath>../src/config/lcdc_rgba8888_mxt_9x60_xc32_wqvga/gfx/libaria/inc/libaria_widget_button.h</itemPath>
              <itemPath>../src/config/lcdc_rgba8888_mxt_9x60_xc32_wqvga/gfx/libaria/inc/libaria_widget_checkbox.h</itemPath>
              <itemPath>../src/config/lcdc_rgba8888_mxt_9x60_xc32_wqvga/gfx/libaria/inc/libaria_widget_circle.h</itemPath>
              <itemPath>../src/config/lcdc_rgba8888_mxt_9x60_xc32_wqvga/gfx/libaria/inc/libaria_widget_circular_gauge.h</itemPath>
              <itemPath>../src/config/lcdc_rgba8888_mxt_9x60_xc32_wqvga/gfx/libaria/inc/libaria_widget_circular_slider.h</itemPath>
              <itemPath>../src/config/lcdc_rgba8888_mxt_9x60_xc32_wqvga/gfx/libaria/inc/libaria_widget_drawsurface.h</itemPath>
              <itemPath>../src/config/lcdc_rgba8888_mxt_9x60_xc32_wqvga/gfx/libaria/inc/libaria_widget_gradient.h</itemPath>
              <itemPath>../src/config/lcdc_rgba8888_mxt_9x60_xc32_wqvga/gfx/libaria/inc/libaria_widget_groupbox.h</itemPath>
              <itemPath>../src/config/lcdc_rgba8888_mxt_9x60_xc32_wqvga/gfx/libaria/inc/libaria_widget_image.h</itemPath>
              <itemPath>../src/config/lcdc_rgba8888_mxt_9x60_xc32_wqvga/gfx/libaria/inc/libaria_widget_imageplus.h</itemPath>
              <itemPath>../src/config/lcdc_rgba8888_mxt_9x60_xc32_wqvga/gfx/libaria/inc/libaria_widget_imagesequence.h</itemPath>
              <itemPath>../src/config/lcdc_rgba8888_mxt_9x60_xc32_wqvga/gfx/libaria/inc/libaria_widget_keypad.h</itemPath>
              <itemPath>../src/config/lcdc_rgba8888_mxt_9x60_xc32_wqvga/gfx/libaria/inc/libaria_widget_label.h</itemPath>
              <itemPath>../src/config/lcdc_rgba8888_mxt_9x60_xc32_wqvga/gfx/libaria/inc/libaria_widget_line.h</itemPath>
              <itemPath>../src/config/lcdc_rgba8888_mxt_9x60_xc32_wqvga/gfx/libaria/inc/libaria_widget_line_graph.h</itemPath>
              <itemPath>../src/config/lcdc_rgba8888_mxt_9x60_xc32_wqvga/gfx/libaria/inc/libaria_widget_list.h</itemPath>
              <itemPath>../src/config/lcdc_rgba8888_mxt_9x60_xc32_wqvga/gfx/libaria/inc/libaria_widget_listwheel.h</itemPath>
              <itemPath>../src/config/lcdc_rgba8888_mxt_9x60_xc32_wqvga/gfx/libaria/inc/libaria_widget_pie_chart.h</itemPath>
              <itemPath>../src/config/lcdc_rgba8888_mxt_9x60_xc32_wqvga/gfx/libaria/inc/libaria_widget_progressbar.h</itemPath>
              <itemPath>../src/config/lcdc_rgba8888_mxt_9x60_xc32_wqvga/gfx/libaria/inc/libaria_widget_radial_menu.h</itemPath>
              <itemPath>../src/config/lcdc_rgba8888_mxt_9x60_xc32_wqvga/gfx/libaria/inc/libaria_widget_radiobutton.h</itemPath>
              <itemPath>../src/config/lcdc_rgba8888_mxt_9x60_xc32_wqvga/gfx/libaria/inc/libaria_radiobutton_group.h</itemPath>
              <itemPath>../src/config/lcdc_rgba8888_mxt_9x60_xc32_wqvga/gfx/libaria/inc/libaria_widget_rectangle.h</itemPath>
              <itemPath>../src/config/lcdc_rgba8888_mxt_9x60_xc32_wqvga/gfx/libaria/inc/libaria_widget_scrollbar.h</itemPath>
              <itemPath>../src/config/lcdc_rgba8888_mxt_9x60_xc32_wqvga/gfx/libaria/inc/libaria_widget_slider.h</itemPath>
              <itemPath>../src/config/lcdc_rgba8888_mxt_9x60_xc32_wqvga/gfx/libaria/inc/libaria_widget_textfield.h</itemPath>
              <itemPath>../src/config/lcdc_rgba8888_mxt_9x60_xc32_wqvga/gfx/libaria/inc/libaria_widget_touchtest.h</itemPath>
              <itemPath>../src/config/lcdc_rgba8888_mxt_9x60_xc32_wqvga/gfx/libaria/inc/libaria_widget_window.h</itemPath>
              <itemPath>../src/config/lcdc_rgba8888_mxt_9x60_xc32_wqvga/gfx/libaria/libaria_events.h</itemPath>
              <itemPath>../src/config/lcdc_rgba8888_mxt_9x60_xc32_wqvga/gfx/libaria/libaria_macros.h</itemPath>
            </logicalFolder>
            <logicalFolder displayName="third_party" name="f4" projectFiles="true">
              <logicalFolder displayName="lodepng" name="f1" projectFiles="true">
                <itemPath>../src/config/lcdc_rgba8888_mxt_9x60_xc32_wqvga/gfx/third_party/lodepng/lodepng.h</itemPath>
              </logicalFolder>
            </logicalFolder>
            <logicalFolder displayName="utils" name="f3" projectFiles="true">
              <logicalFolder displayName="inc" name="f1" projectFiles="true">
                <itemPath>../src/config/lcdc_rgba8888_mxt_9x60_xc32_wqvga/gfx/utils/inc/gfxu_binary.h</itemPath>
                <itemPath>../src/config/lcdc_rgba8888_mxt_9x60_xc32_wqvga/gfx/utils/inc/gfxu_font.h</itemPath>
                <itemPath>../src/config/lcdc_rgba8888_mxt_9x60_xc32_wqvga/gfx/utils/inc/gfxu_global.h</itemPath>
                <itemPath>../src/config/lcdc_rgba8888_mxt_9x60_xc32_wqvga/gfx/utils/inc/gfxu_image.h</itemPath>
                <itemPath>../src/config/lcdc_rgba8888_mxt_9x60_xc32_wqvga/gfx/utils/inc/gfxu_image_utils.h</itemPath>
                <itemPath>../src/config/lcdc_rgba8888_mxt_9x60_xc32_wqvga/gfx/utils/inc/gfxu_palette.h</itemPath>
                <itemPath>../src/config/lcdc_rgba8888_mxt_9x60_xc32_wqvga/gfx/utils/inc/gfxu_string.h</itemPath>
                <itemPath>../src/config/lcdc_rgba8888_mxt_9x60_xc32_wqvga/gfx/utils/inc/gfxu_string_utils.h</itemPath>
                <itemPath>../src/config/lcdc_rgba8888_mxt_9x60_xc32_wqvga/gfx/utils/inc/gfxu_image_jpg_common.h</itemPath>
              </logicalFolder>
              <itemPath>../src/config/lcdc_rgba8888_mxt_9x60_xc32_wqvga/gfx/utils/gfx_utils.h</itemPath>
              <itemPath>../src/config/lcdc_rgba8888_mxt_9x60_xc32_wqvga/gfx/utils/gfxu_config.h</itemPath>
            </logicalFolder>
            <itemPath>../src/config/lcdc_rgba8888_mxt_9x60_xc32_wqvga/gfx/gfx_assets.h</itemPath>
          </logicalFolder>
          <logicalFolder displayName="peripheral" name="f3" projectFiles="true">
            <logicalFolder displayName="aic" name="f4" projectFiles="true">
              <itemPath>../src/config/lcdc_rgba8888_mxt_9x60_xc32_wqvga/peripheral/aic/plib_aic.h</itemPath>
            </logicalFolder>
            <logicalFolder displayName="clk" name="f2" projectFiles="true">
              <itemPath>../src/config/lcdc_rgba8888_mxt_9x60_xc32_wqvga/peripheral/clk/plib_clk.h</itemPath>
            </logicalFolder>
            <logicalFolder displayName="flexcom" name="f5" projectFiles="true">
              <logicalFolder displayName="twi" name="f1" projectFiles="true">
                <itemPath>../src/config/lcdc_rgba8888_mxt_9x60_xc32_wqvga/peripheral/flexcom/twi/plib_flexcom6_twi.h</itemPath>
                <itemPath>../src/config/lcdc_rgba8888_mxt_9x60_xc32_wqvga/peripheral/flexcom/twi/plib_flexcom_twi_master.h</itemPath>
              </logicalFolder>
            </logicalFolder>
            <logicalFolder displayName="gfx2d" name="f8" projectFiles="true">
              <itemPath>../src/config/lcdc_rgba8888_mxt_9x60_xc32_wqvga/peripheral/gfx2d/plib_gfx2d.h</itemPath>
            </logicalFolder>
            <logicalFolder displayName="lcdc" name="f7" projectFiles="true">
              <itemPath>../src/config/lcdc_rgba8888_mxt_9x60_xc32_wqvga/peripheral/lcdc/plib_lcdc.h</itemPath>
            </logicalFolder>
            <logicalFolder displayName="mmu" name="f1" projectFiles="true">
              <itemPath>../src/config/lcdc_rgba8888_mxt_9x60_xc32_wqvga/peripheral/mmu/plib_mmu.h</itemPath>
              <itemPath>../src/config/lcdc_rgba8888_mxt_9x60_xc32_wqvga/peripheral/mmu/cp15.h</itemPath>
            </logicalFolder>
            <logicalFolder displayName="pio" name="f3" projectFiles="true">
              <itemPath>../src/config/lcdc_rgba8888_mxt_9x60_xc32_wqvga/peripheral/pio/plib_pio.h</itemPath>
            </logicalFolder>
            <logicalFolder displayName="tc" name="f6" projectFiles="true">
              <itemPath>../src/config/lcdc_rgba8888_mxt_9x60_xc32_wqvga/peripheral/tc/plib_tc0.h</itemPath>
              <itemPath>../src/config/lcdc_rgba8888_mxt_9x60_xc32_wqvga/peripheral/tc/plib_tc_common.h</itemPath>
            </logicalFolder>
          </logicalFolder>
          <logicalFolder displayName="system" name="f5" projectFiles="true">
            <logicalFolder displayName="cache" name="f4" projectFiles="true">
              <itemPath>../src/config/lcdc_rgba8888_mxt_9x60_xc32_wqvga/system/cache/sys_cache.h</itemPath>
            </logicalFolder>
            <logicalFolder displayName="input" name="f2" projectFiles="true">
              <itemPath>../src/config/lcdc_rgba8888_mxt_9x60_xc32_wqvga/system/input/sys_input.h</itemPath>
              <itemPath>../src/config/lcdc_rgba8888_mxt_9x60_xc32_wqvga/system/input/sys_input_gesture.h</itemPath>
              <itemPath>../src/config/lcdc_rgba8888_mxt_9x60_xc32_wqvga/system/input/sys_input_keyboard.h</itemPath>
              <itemPath>../src/config/lcdc_rgba8888_mxt_9x60_xc32_wqvga/system/input/sys_input_listener.h</itemPath>
              <itemPath>../src/config/lcdc_rgba8888_mxt_9x60_xc32_wqvga/system/input/sys_input_mouse.h</itemPath>
              <itemPath>../src/config/lcdc_rgba8888_mxt_9x60_xc32_wqvga/system/input/sys_input_touch.h</itemPath>
            </logicalFolder>
            <logicalFolder displayName="int" name="f3" projectFiles="true">
              <itemPath>../src/config/lcdc_rgba8888_mxt_9x60_xc32_wqvga/system/int/sys_int.h</itemPath>
              <itemPath>../src/config/lcdc_rgba8888_mxt_9x60_xc32_wqvga/system/int/sys_int_mapping.h</itemPath>
            </logicalFolder>
            <logicalFolder displayName="time" name="f1" projectFiles="true">
              <itemPath>../src/config/lcdc_rgba8888_mxt_9x60_xc32_wqvga/system/time/sys_time.h</itemPath>
              <itemPath>../src/config/lcdc_rgba8888_mxt_9x60_xc32_wqvga/system/time/sys_time_definitions.h</itemPath>
              <itemPath>../src/config/lcdc_rgba8888_mxt_9x60_xc32_wqvga/system/time/src/sys_time_local.h</itemPath>
            </logicalFolder>
            <itemPath>../src/config/lcdc_rgba8888_mxt_9x60_xc32_wqvga/system/system.h</itemPath>
            <itemPath>../src/config/lcdc_rgba8888_mxt_9x60_xc32_wqvga/system/system_common.h</itemPath>
            <itemPath>../src/config/lcdc_rgba8888_mxt_9x60_xc32_wqvga/system/system_module.h</itemPath>
          </logicalFolder>
          <itemPath>../src/config/lcdc_rgba8888_mxt_9x60_xc32_wqvga/device_cache.h</itemPath>
          <itemPath>../src/config/lcdc_rgba8888_mxt_9x60_xc32_wqvga/toolchain_specifics.h</itemPath>
          <itemPath>../src/config/lcdc_rgba8888_mxt_9x60_xc32_wqvga/definitions.h</itemPath>
          <itemPath>../src/config/lcdc_rgba8888_mxt_9x60_xc32_wqvga/user.h</itemPath>
          <itemPath>../src/config/lcdc_rgba8888_mxt_9x60_xc32_wqvga/configuration.h</itemPath>
        </logicalFolder>
      </logicalFolder>
      <logicalFolder displayName="osal" name="f3" projectFiles="true">
        <itemPath>../src/config/lcdc_rgba8888_mxt_9x60_xc32_wqvga/osal/osal.h</itemPath>
        <itemPath>../src/config/lcdc_rgba8888_mxt_9x60_xc32_wqvga/osal/osal_definitions.h</itemPath>
        <itemPath>../src/config/lcdc_rgba8888_mxt_9x60_xc32_wqvga/osal/osal_impl_basic.h</itemPath>
      </logicalFolder>
      <logicalFolder displayName="packs" name="f2" projectFiles="true">
        <logicalFolder displayName="SAM9X60_DFP" name="f1" projectFiles="true">
          <logicalFolder displayName="component" name="f1" projectFiles="true">
            <itemPath>../src/packs/SAM9X60_DFP/component/adc.h</itemPath>
            <itemPath>../src/packs/SAM9X60_DFP/component/aes.h</itemPath>
            <itemPath>../src/packs/SAM9X60_DFP/component/aic.h</itemPath>
            <itemPath>../src/packs/SAM9X60_DFP/component/bsc.h</itemPath>
            <itemPath>../src/packs/SAM9X60_DFP/component/can.h</itemPath>
            <itemPath>../src/packs/SAM9X60_DFP/component/classd.h</itemPath>
            <itemPath>../src/packs/SAM9X60_DFP/component/dbgu.h</itemPath>
            <itemPath>../src/packs/SAM9X60_DFP/component/emac.h</itemPath>
            <itemPath>../src/packs/SAM9X60_DFP/component/flexcom.h</itemPath>
            <itemPath>../src/packs/SAM9X60_DFP/component/gfx2d.h</itemPath>
            <itemPath>../src/packs/SAM9X60_DFP/component/gpbr.h</itemPath>
            <itemPath>../src/packs/SAM9X60_DFP/component/i2smcc.h</itemPath>
            <itemPath>../src/packs/SAM9X60_DFP/component/isi.h</itemPath>
            <itemPath>../src/packs/SAM9X60_DFP/component/lcdc.h</itemPath>
            <itemPath>../src/packs/SAM9X60_DFP/component/matrix.h</itemPath>
            <itemPath>../src/packs/SAM9X60_DFP/component/mpddrc.h</itemPath>
            <itemPath>../src/packs/SAM9X60_DFP/component/otpc.h</itemPath>
            <itemPath>../src/packs/SAM9X60_DFP/component/pio.h</itemPath>
            <itemPath>../src/packs/SAM9X60_DFP/component/pit.h</itemPath>
            <itemPath>../src/packs/SAM9X60_DFP/component/pit64b.h</itemPath>
            <itemPath>../src/packs/SAM9X60_DFP/component/pmc.h</itemPath>
            <itemPath>../src/packs/SAM9X60_DFP/component/pmecc.h</itemPath>
            <itemPath>../src/packs/SAM9X60_DFP/component/pmerrloc.h</itemPath>
            <itemPath>../src/packs/SAM9X60_DFP/component/pwm.h</itemPath>
            <itemPath>../src/packs/SAM9X60_DFP/component/qspi.h</itemPath>
            <itemPath>../src/packs/SAM9X60_DFP/component/rstc.h</itemPath>
            <itemPath>../src/packs/SAM9X60_DFP/component/rtc.h</itemPath>
            <itemPath>../src/packs/SAM9X60_DFP/component/rtt.h</itemPath>
            <itemPath>../src/packs/SAM9X60_DFP/component/sckc.h</itemPath>
            <itemPath>../src/packs/SAM9X60_DFP/component/sdmmc.h</itemPath>
            <itemPath>../src/packs/SAM9X60_DFP/component/sdramc.h</itemPath>
            <itemPath>../src/packs/SAM9X60_DFP/component/sfr.h</itemPath>
            <itemPath>../src/packs/SAM9X60_DFP/component/sha.h</itemPath>
            <itemPath>../src/packs/SAM9X60_DFP/component/shdwc.h</itemPath>
            <itemPath>../src/packs/SAM9X60_DFP/component/smc.h</itemPath>
            <itemPath>../src/packs/SAM9X60_DFP/component/ssc.h</itemPath>
            <itemPath>../src/packs/SAM9X60_DFP/component/syscwp.h</itemPath>
            <itemPath>../src/packs/SAM9X60_DFP/component/tc.h</itemPath>
            <itemPath>../src/packs/SAM9X60_DFP/component/tdes.h</itemPath>
            <itemPath>../src/packs/SAM9X60_DFP/component/trng.h</itemPath>
            <itemPath>../src/packs/SAM9X60_DFP/component/udphs.h</itemPath>
            <itemPath>../src/packs/SAM9X60_DFP/component/uhpfs.h</itemPath>
            <itemPath>../src/packs/SAM9X60_DFP/component/uhphs.h</itemPath>
            <itemPath>../src/packs/SAM9X60_DFP/component/wdt.h</itemPath>
            <itemPath>../src/packs/SAM9X60_DFP/component/xdmac.h</itemPath>
          </logicalFolder>
          <logicalFolder displayName="pio" name="f2" projectFiles="true">
            <itemPath>../src/packs/SAM9X60_DFP/pio/sam9x60.h</itemPath>
          </logicalFolder>
          <itemPath>../src/packs/SAM9X60_DFP/device.h</itemPath>
          <itemPath>../src/packs/SAM9X60_DFP/sam9x60.h</itemPath>
        </logicalFolder>
      </logicalFolder>
      <itemPath>../src/app.h</itemPath>
    </logicalFolder>
    <logicalFolder displayName="Linker Files" name="LinkerScript" projectFiles="true">
      <logicalFolder displayName="config" name="f1" projectFiles="true">
        <logicalFolder displayName="lcdc_rgba8888_mxt_9x60_xc32_wqvga" name="f1" projectFiles="true">
          <itemPath>../src/config/lcdc_rgba8888_mxt_9x60_xc32_wqvga/ddram.ld</itemPath>
        </logicalFolder>
      </logicalFolder>
    </logicalFolder>
    <logicalFolder displayName="Source Files" name="SourceFiles" projectFiles="true">
      <logicalFolder displayName="config" name="f1" projectFiles="true">
        <logicalFolder displayName="lcdc_rgba8888_mxt_9x60_xc32_wqvga" name="f1" projectFiles="true">
          <logicalFolder displayName="bsp" name="f2" projectFiles="true">
            <itemPath>../src/config/lcdc_rgba8888_mxt_9x60_xc32_wqvga/bsp/bsp.c</itemPath>
          </logicalFolder>
          <logicalFolder displayName="driver" name="f5" projectFiles="true">
            <logicalFolder displayName="i2c" name="f1" projectFiles="true">
              <itemPath>../src/config/lcdc_rgba8888_mxt_9x60_xc32_wqvga/driver/i2c/src/drv_i2c.c</itemPath>
              <itemPath>../src/config/lcdc_rgba8888_mxt_9x60_xc32_wqvga/driver/i2c/src/drv_i2c_local.h</itemPath>
            </logicalFolder>
            <logicalFolder displayName="input" name="f2" projectFiles="true">
              <itemPath>../src/config/lcdc_rgba8888_mxt_9x60_xc32_wqvga/driver/input/drv_maxtouch.c</itemPath>
            </logicalFolder>
          </logicalFolder>
          <logicalFolder displayName="gfx" name="f1" projectFiles="true">
            <logicalFolder displayName="driver" name="f2" projectFiles="true">
              <logicalFolder displayName="gfx2d" name="f1" projectFiles="true">
                <itemPath>../src/config/lcdc_rgba8888_mxt_9x60_xc32_wqvga/gfx/driver/processor/gfx2d/drv_gfx2d_hal.c</itemPath>
                <itemPath>../src/config/lcdc_rgba8888_mxt_9x60_xc32_wqvga/gfx/driver/processor/gfx2d/drv_gfx2d.c</itemPath>
              </logicalFolder>
              <logicalFolder displayName="lcdc" name="f2" projectFiles="true">
                <itemPath>../src/config/lcdc_rgba8888_mxt_9x60_xc32_wqvga/gfx/driver/controller/lcdc/drv_gfx_lcdc.c</itemPath>
              </logicalFolder>
            </logicalFolder>
            <logicalFolder displayName="hal" name="f1" projectFiles="true">
              <itemPath>../src/config/lcdc_rgba8888_mxt_9x60_xc32_wqvga/gfx/hal/src/gfx.c</itemPath>
              <itemPath>../src/config/lcdc_rgba8888_mxt_9x60_xc32_wqvga/gfx/hal/src/gfx_color.c</itemPath>
              <itemPath>../src/config/lcdc_rgba8888_mxt_9x60_xc32_wqvga/gfx/hal/src/gfx_context.c</itemPath>
              <itemPath>../src/config/lcdc_rgba8888_mxt_9x60_xc32_wqvga/gfx/hal/src/gfx_default_impl.c</itemPath>
              <itemPath>../src/config/lcdc_rgba8888_mxt_9x60_xc32_wqvga/gfx/hal/src/gfx_display.c</itemPath>
              <itemPath>../src/config/lcdc_rgba8888_mxt_9x60_xc32_wqvga/gfx/hal/src/gfx_display_def.c</itemPath>
              <itemPath>../src/config/lcdc_rgba8888_mxt_9x60_xc32_wqvga/gfx/hal/src/gfx_driver_interface.c</itemPath>
              <itemPath>../src/config/lcdc_rgba8888_mxt_9x60_xc32_wqvga/gfx/hal/src/gfx_driver_def.c</itemPath>
              <itemPath>../src/config/lcdc_rgba8888_mxt_9x60_xc32_wqvga/gfx/hal/src/gfx_processor_def.c</itemPath>
              <itemPath>../src/config/lcdc_rgba8888_mxt_9x60_xc32_wqvga/gfx/hal/src/gfx_get.c</itemPath>
              <itemPath>../src/config/lcdc_rgba8888_mxt_9x60_xc32_wqvga/gfx/hal/src/gfx_interface.c</itemPath>
              <itemPath>../src/config/lcdc_rgba8888_mxt_9x60_xc32_wqvga/gfx/hal/src/gfx_layer.c</itemPath>
              <itemPath>../src/config/lcdc_rgba8888_mxt_9x60_xc32_wqvga/gfx/hal/src/gfx_pixel_buffer.c</itemPath>
              <itemPath>../src/config/lcdc_rgba8888_mxt_9x60_xc32_wqvga/gfx/hal/src/gfx_processor_interface.c</itemPath>
              <itemPath>../src/config/lcdc_rgba8888_mxt_9x60_xc32_wqvga/gfx/hal/src/gfx_rect.c</itemPath>
              <itemPath>../src/config/lcdc_rgba8888_mxt_9x60_xc32_wqvga/gfx/hal/src/gfx_util.c</itemPath>
              <itemPath>../src/config/lcdc_rgba8888_mxt_9x60_xc32_wqvga/gfx/hal/src/gfx_set.c</itemPath>
              <itemPath>../src/config/lcdc_rgba8888_mxt_9x60_xc32_wqvga/gfx/hal/src/gfx_color_blend.c</itemPath>
              <itemPath>../src/config/lcdc_rgba8888_mxt_9x60_xc32_wqvga/gfx/hal/src/gfx_color_convert.c</itemPath>
              <itemPath>../src/config/lcdc_rgba8888_mxt_9x60_xc32_wqvga/gfx/hal/src/gfx_color_lerp.c</itemPath>
              <itemPath>../src/config/lcdc_rgba8888_mxt_9x60_xc32_wqvga/gfx/hal/src/gfx_color_value.c</itemPath>
              <itemPath>../src/config/lcdc_rgba8888_mxt_9x60_xc32_wqvga/gfx/hal/src/gfx_draw_arc.c</itemPath>
              <itemPath>../src/config/lcdc_rgba8888_mxt_9x60_xc32_wqvga/gfx/hal/src/gfx_draw_blit.c</itemPath>
              <itemPath>../src/config/lcdc_rgba8888_mxt_9x60_xc32_wqvga/gfx/hal/src/gfx_draw_circle.c</itemPath>
              <itemPath>../src/config/lcdc_rgba8888_mxt_9x60_xc32_wqvga/gfx/hal/src/gfx_draw_ellipse.c</itemPath>
              <itemPath>../src/config/lcdc_rgba8888_mxt_9x60_xc32_wqvga/gfx/hal/src/gfx_draw_line.c</itemPath>
              <itemPath>../src/config/lcdc_rgba8888_mxt_9x60_xc32_wqvga/gfx/hal/src/gfx_draw_pixel.c</itemPath>
              <itemPath>../src/config/lcdc_rgba8888_mxt_9x60_xc32_wqvga/gfx/hal/src/gfx_draw_rect.c</itemPath>
              <itemPath>../src/config/lcdc_rgba8888_mxt_9x60_xc32_wqvga/gfx/hal/src/gfx_draw_stretchblit.c</itemPath>
              <itemPath>../src/config/lcdc_rgba8888_mxt_9x60_xc32_wqvga/gfx/hal/src/gfx_math.c</itemPath>
            </logicalFolder>
            <logicalFolder displayName="libaria" name="f5" projectFiles="true">
              <itemPath>../src/config/lcdc_rgba8888_mxt_9x60_xc32_wqvga/gfx/libaria/libaria_harmony.c</itemPath>
              <itemPath>../src/config/lcdc_rgba8888_mxt_9x60_xc32_wqvga/gfx/libaria/libaria_init.c</itemPath>
              <itemPath>../src/config/lcdc_rgba8888_mxt_9x60_xc32_wqvga/gfx/libaria/src/libaria.c</itemPath>
              <itemPath>../src/config/lcdc_rgba8888_mxt_9x60_xc32_wqvga/gfx/libaria/src/libaria_array.c</itemPath>
              <itemPath>../src/config/lcdc_rgba8888_mxt_9x60_xc32_wqvga/gfx/libaria/src/libaria_context.c</itemPath>
              <itemPath>../src/config/lcdc_rgba8888_mxt_9x60_xc32_wqvga/gfx/libaria/src/libaria_context_paint.c</itemPath>
              <itemPath>../src/config/lcdc_rgba8888_mxt_9x60_xc32_wqvga/gfx/libaria/src/libaria_draw.c</itemPath>
              <itemPath>../src/config/lcdc_rgba8888_mxt_9x60_xc32_wqvga/gfx/libaria/src/libaria_editwidget.c</itemPath>
              <itemPath>../src/config/lcdc_rgba8888_mxt_9x60_xc32_wqvga/gfx/libaria/src/libaria_event.c</itemPath>
              <itemPath>../src/config/lcdc_rgba8888_mxt_9x60_xc32_wqvga/gfx/libaria/src/libaria_input.c</itemPath>
              <itemPath>../src/config/lcdc_rgba8888_mxt_9x60_xc32_wqvga/gfx/libaria/src/libaria_layer.c</itemPath>
              <itemPath>../src/config/lcdc_rgba8888_mxt_9x60_xc32_wqvga/gfx/libaria/src/libaria_list.c</itemPath>
              <itemPath>../src/config/lcdc_rgba8888_mxt_9x60_xc32_wqvga/gfx/libaria/src/libaria_rectarray.c</itemPath>
              <itemPath>../src/config/lcdc_rgba8888_mxt_9x60_xc32_wqvga/gfx/libaria/src/libaria_scheme.c</itemPath>
              <itemPath>../src/config/lcdc_rgba8888_mxt_9x60_xc32_wqvga/gfx/libaria/src/libaria_screen.c</itemPath>
              <itemPath>../src/config/lcdc_rgba8888_mxt_9x60_xc32_wqvga/gfx/libaria/src/libaria_string.c</itemPath>
              <itemPath>../src/config/lcdc_rgba8888_mxt_9x60_xc32_wqvga/gfx/libaria/src/libaria_utils.c</itemPath>
              <itemPath>../src/config/lcdc_rgba8888_mxt_9x60_xc32_wqvga/gfx/libaria/src/libaria_widget.c</itemPath>
              <itemPath>../src/config/lcdc_rgba8888_mxt_9x60_xc32_wqvga/gfx/libaria/src/libaria_widget_skin_classic.c</itemPath>
              <itemPath>../src/config/lcdc_rgba8888_mxt_9x60_xc32_wqvga/gfx/libaria/src/libaria_widget_skin_classic_common.c</itemPath>
              <itemPath>../src/config/lcdc_rgba8888_mxt_9x60_xc32_wqvga/gfx/libaria/src/libaria_widget_arc.c</itemPath>
              <itemPath>../src/config/lcdc_rgba8888_mxt_9x60_xc32_wqvga/gfx/libaria/src/libaria_widget_arc_skin_classic.c</itemPath>
              <itemPath>../src/config/lcdc_rgba8888_mxt_9x60_xc32_wqvga/gfx/libaria/src/libaria_widget_bar_graph.c</itemPath>
              <itemPath>../src/config/lcdc_rgba8888_mxt_9x60_xc32_wqvga/gfx/libaria/src/libaria_widget_bar_graph_skin_classic.c</itemPath>
              <itemPath>../src/config/lcdc_rgba8888_mxt_9x60_xc32_wqvga/gfx/libaria/src/libaria_widget_button.c</itemPath>
              <itemPath>../src/config/lcdc_rgba8888_mxt_9x60_xc32_wqvga/gfx/libaria/src/libaria_widget_button_skin_classic.c</itemPath>
              <itemPath>../src/config/lcdc_rgba8888_mxt_9x60_xc32_wqvga/gfx/libaria/src/libaria_widget_checkbox.c</itemPath>
              <itemPath>../src/config/lcdc_rgba8888_mxt_9x60_xc32_wqvga/gfx/libaria/src/libaria_widget_checkbox_skin_classic.c</itemPath>
              <itemPath>../src/config/lcdc_rgba8888_mxt_9x60_xc32_wqvga/gfx/libaria/src/libaria_widget_circle.c</itemPath>
              <itemPath>../src/config/lcdc_rgba8888_mxt_9x60_xc32_wqvga/gfx/libaria/src/libaria_widget_circle_skin_classic.c</itemPath>
              <itemPath>../src/config/lcdc_rgba8888_mxt_9x60_xc32_wqvga/gfx/libaria/src/libaria_widget_circular_gauge.c</itemPath>
              <itemPath>../src/config/lcdc_rgba8888_mxt_9x60_xc32_wqvga/gfx/libaria/src/libaria_widget_circular_gauge_skin_classic.c</itemPath>
              <itemPath>../src/config/lcdc_rgba8888_mxt_9x60_xc32_wqvga/gfx/libaria/src/libaria_widget_circular_slider.c</itemPath>
              <itemPath>../src/config/lcdc_rgba8888_mxt_9x60_xc32_wqvga/gfx/libaria/src/libaria_widget_circular_slider_skin_classic.c</itemPath>
              <itemPath>../src/config/lcdc_rgba8888_mxt_9x60_xc32_wqvga/gfx/libaria/src/libaria_widget_drawsurface.c</itemPath>
              <itemPath>../src/config/lcdc_rgba8888_mxt_9x60_xc32_wqvga/gfx/libaria/src/libaria_widget_drawsurface_skin_classic.c</itemPath>
              <itemPath>../src/config/lcdc_rgba8888_mxt_9x60_xc32_wqvga/gfx/libaria/src/libaria_widget_gradient.c</itemPath>
              <itemPath>../src/config/lcdc_rgba8888_mxt_9x60_xc32_wqvga/gfx/libaria/src/libaria_widget_gradient_skin_classic.c</itemPath>
              <itemPath>../src/config/lcdc_rgba8888_mxt_9x60_xc32_wqvga/gfx/libaria/src/libaria_widget_groupbox.c</itemPath>
              <itemPath>../src/config/lcdc_rgba8888_mxt_9x60_xc32_wqvga/gfx/libaria/src/libaria_widget_groupbox_skin_classic.c</itemPath>
              <itemPath>../src/config/lcdc_rgba8888_mxt_9x60_xc32_wqvga/gfx/libaria/src/libaria_widget_image.c</itemPath>
              <itemPath>../src/config/lcdc_rgba8888_mxt_9x60_xc32_wqvga/gfx/libaria/src/libaria_widget_image_skin_classic.c</itemPath>
              <itemPath>../src/config/lcdc_rgba8888_mxt_9x60_xc32_wqvga/gfx/libaria/src/libaria_widget_imageplus.c</itemPath>
              <itemPath>../src/config/lcdc_rgba8888_mxt_9x60_xc32_wqvga/gfx/libaria/src/libaria_widget_imageplus_skin_classic.c</itemPath>
              <itemPath>../src/config/lcdc_rgba8888_mxt_9x60_xc32_wqvga/gfx/libaria/src/libaria_widget_imagesequence.c</itemPath>
              <itemPath>../src/config/lcdc_rgba8888_mxt_9x60_xc32_wqvga/gfx/libaria/src/libaria_widget_imagesequence_skin_classic.c</itemPath>
              <itemPath>../src/config/lcdc_rgba8888_mxt_9x60_xc32_wqvga/gfx/libaria/src/libaria_widget_keypad.c</itemPath>
              <itemPath>../src/config/lcdc_rgba8888_mxt_9x60_xc32_wqvga/gfx/libaria/src/libaria_widget_keypad_skin_classic.c</itemPath>
              <itemPath>../src/config/lcdc_rgba8888_mxt_9x60_xc32_wqvga/gfx/libaria/src/libaria_widget_label.c</itemPath>
              <itemPath>../src/config/lcdc_rgba8888_mxt_9x60_xc32_wqvga/gfx/libaria/src/libaria_widget_label_skin_classic.c</itemPath>
              <itemPath>../src/config/lcdc_rgba8888_mxt_9x60_xc32_wqvga/gfx/libaria/src/libaria_widget_line.c</itemPath>
              <itemPath>../src/config/lcdc_rgba8888_mxt_9x60_xc32_wqvga/gfx/libaria/src/libaria_widget_line_skin_classic.c</itemPath>
              <itemPath>../src/config/lcdc_rgba8888_mxt_9x60_xc32_wqvga/gfx/libaria/src/libaria_widget_line_graph.c</itemPath>
              <itemPath>../src/config/lcdc_rgba8888_mxt_9x60_xc32_wqvga/gfx/libaria/src/libaria_widget_line_graph_skin_classic.c</itemPath>
              <itemPath>../src/config/lcdc_rgba8888_mxt_9x60_xc32_wqvga/gfx/libaria/src/libaria_widget_list.c</itemPath>
              <itemPath>../src/config/lcdc_rgba8888_mxt_9x60_xc32_wqvga/gfx/libaria/src/libaria_widget_list_skin_classic.c</itemPath>
              <itemPath>../src/config/lcdc_rgba8888_mxt_9x60_xc32_wqvga/gfx/libaria/src/libaria_widget_listwheel.c</itemPath>
              <itemPath>../src/config/lcdc_rgba8888_mxt_9x60_xc32_wqvga/gfx/libaria/src/libaria_widget_listwheel_skin_classic.c</itemPath>
              <itemPath>../src/config/lcdc_rgba8888_mxt_9x60_xc32_wqvga/gfx/libaria/src/libaria_widget_pie_chart.c</itemPath>
              <itemPath>../src/config/lcdc_rgba8888_mxt_9x60_xc32_wqvga/gfx/libaria/src/libaria_widget_pie_chart_skin_classic.c</itemPath>
              <itemPath>../src/config/lcdc_rgba8888_mxt_9x60_xc32_wqvga/gfx/libaria/src/libaria_widget_progressbar.c</itemPath>
              <itemPath>../src/config/lcdc_rgba8888_mxt_9x60_xc32_wqvga/gfx/libaria/src/libaria_widget_progressbar_skin_classic.c</itemPath>
              <itemPath>../src/config/lcdc_rgba8888_mxt_9x60_xc32_wqvga/gfx/libaria/src/libaria_widget_radial_menu.c</itemPath>
              <itemPath>../src/config/lcdc_rgba8888_mxt_9x60_xc32_wqvga/gfx/libaria/src/libaria_widget_radial_menu_skin_classic.c</itemPath>
              <itemPath>../src/config/lcdc_rgba8888_mxt_9x60_xc32_wqvga/gfx/libaria/src/libaria_widget_radiobutton.c</itemPath>
              <itemPath>../src/config/lcdc_rgba8888_mxt_9x60_xc32_wqvga/gfx/libaria/src/libaria_widget_radiobutton_skin_classic.c</itemPath>
              <itemPath>../src/config/lcdc_rgba8888_mxt_9x60_xc32_wqvga/gfx/libaria/src/libaria_radiobutton_group.c</itemPath>
              <itemPath>../src/config/lcdc_rgba8888_mxt_9x60_xc32_wqvga/gfx/libaria/src/libaria_widget_rectangle.c</itemPath>
              <itemPath>../src/config/lcdc_rgba8888_mxt_9x60_xc32_wqvga/gfx/libaria/src/libaria_widget_rectangle_skin_classic.c</itemPath>
              <itemPath>../src/config/lcdc_rgba8888_mxt_9x60_xc32_wqvga/gfx/libaria/src/libaria_widget_scrollbar.c</itemPath>
              <itemPath>../src/config/lcdc_rgba8888_mxt_9x60_xc32_wqvga/gfx/libaria/src/libaria_widget_scrollbar_skin_classic.c</itemPath>
              <itemPath>../src/config/lcdc_rgba8888_mxt_9x60_xc32_wqvga/gfx/libaria/src/libaria_widget_slider.c</itemPath>
              <itemPath>../src/config/lcdc_rgba8888_mxt_9x60_xc32_wqvga/gfx/libaria/src/libaria_widget_slider_skin_classic.c</itemPath>
              <itemPath>../src/config/lcdc_rgba8888_mxt_9x60_xc32_wqvga/gfx/libaria/src/libaria_widget_textfield.c</itemPath>
              <itemPath>../src/config/lcdc_rgba8888_mxt_9x60_xc32_wqvga/gfx/libaria/src/libaria_widget_textfield_skin_classic.c</itemPath>
              <itemPath>../src/config/lcdc_rgba8888_mxt_9x60_xc32_wqvga/gfx/libaria/src/libaria_widget_touchtest.c</itemPath>
              <itemPath>../src/config/lcdc_rgba8888_mxt_9x60_xc32_wqvga/gfx/libaria/src/libaria_widget_touchtest_skin_classic.c</itemPath>
              <itemPath>../src/config/lcdc_rgba8888_mxt_9x60_xc32_wqvga/gfx/libaria/src/libaria_widget_window.c</itemPath>
              <itemPath>../src/config/lcdc_rgba8888_mxt_9x60_xc32_wqvga/gfx/libaria/src/libaria_widget_window_skin_classic.c</itemPath>
              <itemPath>../src/config/lcdc_rgba8888_mxt_9x60_xc32_wqvga/gfx/libaria/libaria_events.c</itemPath>
              <itemPath>../src/config/lcdc_rgba8888_mxt_9x60_xc32_wqvga/gfx/libaria/libaria_macros.c</itemPath>
            </logicalFolder>
            <logicalFolder displayName="third_party" name="f4" projectFiles="true">
              <logicalFolder displayName="lodepng" name="f1" projectFiles="true">
                <itemPath>../src/config/lcdc_rgba8888_mxt_9x60_xc32_wqvga/gfx/third_party/src/lodepng/lodepng.c</itemPath>
              </logicalFolder>
              <itemPath>../src/config/lcdc_rgba8888_mxt_9x60_xc32_wqvga/gfx/third_party/decoder/src/jidctint.c</itemPath>
            </logicalFolder>
            <logicalFolder displayName="utils" name="f3" projectFiles="true">
              <logicalFolder displayName="src" name="f1" projectFiles="true">
                <itemPath>../src/config/lcdc_rgba8888_mxt_9x60_xc32_wqvga/gfx/utils/src/gfxu_image_jpg_common.c</itemPath>
                <itemPath>../src/config/lcdc_rgba8888_mxt_9x60_xc32_wqvga/gfx/utils/src/gfxu_image_jpg_internal.c</itemPath>
                <itemPath>../src/config/lcdc_rgba8888_mxt_9x60_xc32_wqvga/gfx/utils/src/gfxu_image_jpg_external.c</itemPath>
                <itemPath>../src/config/lcdc_rgba8888_mxt_9x60_xc32_wqvga/gfx/utils/src/gfxu_image_png_external.c</itemPath>
                <itemPath>../src/config/lcdc_rgba8888_mxt_9x60_xc32_wqvga/gfx/utils/src/gfxu_image_png_internal.c</itemPath>
              </logicalFolder>
              <itemPath>../src/config/lcdc_rgba8888_mxt_9x60_xc32_wqvga/gfx/utils/src/gfxu_image.c</itemPath>
              <itemPath>../src/config/lcdc_rgba8888_mxt_9x60_xc32_wqvga/gfx/utils/src/gfxu_image_raw_external.c</itemPath>
              <itemPath>../src/config/lcdc_rgba8888_mxt_9x60_xc32_wqvga/gfx/utils/src/gfxu_image_raw_internal.c</itemPath>
              <itemPath>../src/config/lcdc_rgba8888_mxt_9x60_xc32_wqvga/gfx/utils/src/gfxu_image_rle_external.c</itemPath>
              <itemPath>../src/config/lcdc_rgba8888_mxt_9x60_xc32_wqvga/gfx/utils/src/gfxu_image_rle_internal.c</itemPath>
              <itemPath>../src/config/lcdc_rgba8888_mxt_9x60_xc32_wqvga/gfx/utils/src/gfxu_image_utils.c</itemPath>
              <itemPath>../src/config/lcdc_rgba8888_mxt_9x60_xc32_wqvga/gfx/utils/src/gfxu_palette.c</itemPath>
              <itemPath>../src/config/lcdc_rgba8888_mxt_9x60_xc32_wqvga/gfx/utils/src/gfxu_string.c</itemPath>
              <itemPath>../src/config/lcdc_rgba8888_mxt_9x60_xc32_wqvga/gfx/utils/src/gfxu_string_external.c</itemPath>
              <itemPath>../src/config/lcdc_rgba8888_mxt_9x60_xc32_wqvga/gfx/utils/src/gfxu_stringbuffer_external.c</itemPath>
              <itemPath>../src/config/lcdc_rgba8888_mxt_9x60_xc32_wqvga/gfx/utils/src/gfxu_string_internal.c</itemPath>
              <itemPath>../src/config/lcdc_rgba8888_mxt_9x60_xc32_wqvga/gfx/utils/src/gfxu_string_query.c</itemPath>
              <itemPath>../src/config/lcdc_rgba8888_mxt_9x60_xc32_wqvga/gfx/utils/src/gfxu_string_utils.c</itemPath>
            </logicalFolder>
            <itemPath>../src/config/lcdc_rgba8888_mxt_9x60_xc32_wqvga/gfx/gfx_assets.c</itemPath>
          </logicalFolder>
          <logicalFolder displayName="peripheral" name="f4" projectFiles="true">
            <logicalFolder displayName="aic" name="f4" projectFiles="true">
              <itemPath>../src/config/lcdc_rgba8888_mxt_9x60_xc32_wqvga/peripheral/aic/plib_aic.c</itemPath>
            </logicalFolder>
            <logicalFolder displayName="clk" name="f2" projectFiles="true">
              <itemPath>../src/config/lcdc_rgba8888_mxt_9x60_xc32_wqvga/peripheral/clk/plib_clk.c</itemPath>
            </logicalFolder>
            <logicalFolder displayName="flexcom" name="f5" projectFiles="true">
              <logicalFolder displayName="twi" name="f1" projectFiles="true">
                <itemPath>../src/config/lcdc_rgba8888_mxt_9x60_xc32_wqvga/peripheral/flexcom/twi/plib_flexcom6_twi.c</itemPath>
              </logicalFolder>
            </logicalFolder>
            <logicalFolder displayName="gfx2d" name="f8" projectFiles="true">
              <itemPath>../src/config/lcdc_rgba8888_mxt_9x60_xc32_wqvga/peripheral/gfx2d/plib_gfx2d.c</itemPath>
            </logicalFolder>
            <logicalFolder displayName="lcdc" name="f7" projectFiles="true">
              <itemPath>../src/config/lcdc_rgba8888_mxt_9x60_xc32_wqvga/peripheral/lcdc/plib_lcdc.c</itemPath>
            </logicalFolder>
            <logicalFolder displayName="mmu" name="f1" projectFiles="true">
              <itemPath>../src/config/lcdc_rgba8888_mxt_9x60_xc32_wqvga/peripheral/mmu/plib_mmu.c</itemPath>
            </logicalFolder>
            <logicalFolder displayName="pio" name="f3" projectFiles="true">
              <itemPath>../src/config/lcdc_rgba8888_mxt_9x60_xc32_wqvga/peripheral/pio/plib_pio.c</itemPath>
            </logicalFolder>
            <logicalFolder displayName="tc" name="f6" projectFiles="true">
              <itemPath>../src/config/lcdc_rgba8888_mxt_9x60_xc32_wqvga/peripheral/tc/plib_tc0.c</itemPath>
            </logicalFolder>
          </logicalFolder>
          <logicalFolder displayName="stdio" name="f3" projectFiles="true">
            <itemPath>../src/config/lcdc_rgba8888_mxt_9x60_xc32_wqvga/stdio/xc32_monitor.c</itemPath>
          </logicalFolder>
          <logicalFolder displayName="system" name="f6" projectFiles="true">
            <logicalFolder displayName="cache" name="f4" projectFiles="true">
              <itemPath>../src/config/lcdc_rgba8888_mxt_9x60_xc32_wqvga/system/cache/sys_cache.c</itemPath>
            </logicalFolder>
            <logicalFolder displayName="input" name="f2" projectFiles="true">
              <itemPath>../src/config/lcdc_rgba8888_mxt_9x60_xc32_wqvga/system/input/sys_input.c</itemPath>
              <itemPath>../src/config/lcdc_rgba8888_mxt_9x60_xc32_wqvga/system/input/sys_input_listener.c</itemPath>
            </logicalFolder>
            <logicalFolder displayName="int" name="f3" projectFiles="true">
              <itemPath>../src/config/lcdc_rgba8888_mxt_9x60_xc32_wqvga/system/int/src/sys_int.c</itemPath>
            </logicalFolder>
            <logicalFolder displayName="time" name="f1" projectFiles="true">
              <itemPath>../src/config/lcdc_rgba8888_mxt_9x60_xc32_wqvga/system/time/src/sys_time.c</itemPath>
            </logicalFolder>
          </logicalFolder>
          <itemPath>../src/config/lcdc_rgba8888_mxt_9x60_xc32_wqvga/initialization.c</itemPath>
          <itemPath>../src/config/lcdc_rgba8888_mxt_9x60_xc32_wqvga/interrupts.c</itemPath>
          <itemPath>../src/config/lcdc_rgba8888_mxt_9x60_xc32_wqvga/cstartup.S</itemPath>
          <itemPath>../src/config/lcdc_rgba8888_mxt_9x60_xc32_wqvga/vectortrap.s</itemPath>
          <itemPath>../src/config/lcdc_rgba8888_mxt_9x60_xc32_wqvga/tasks.c</itemPath>
        </logicalFolder>
      </logicalFolder>
      <itemPath>../src/main.c</itemPath>
      <itemPath>../src/app.c</itemPath>
    </logicalFolder>
    <logicalFolder displayName="Important Files" name="ExternalFiles" projectFiles="false">
      <itemPath>Makefile</itemPath>
    </logicalFolder>
  </logicalFolder>
  <sourceRootList>
    <Elem>../src</Elem>
  </sourceRootList>
  <projectmakefile>Makefile</projectmakefile>
  <confs>
    <conf name="lcdc_rgba8888_mxt_9x60_xc32_wqvga" type="2">
      <toolsSet>
        <developmentServer>localhost</developmentServer>
        <targetDevice>SAM9X60</targetDevice>
        <targetHeader/>
        <targetPluginBoard/>
        <platformTool>Simulator</platformTool>
        <languageToolchain>XC32</languageToolchain>
        <languageToolchainVersion>2.30</languageToolchainVersion>
        <platform>3</platform>
      </toolsSet>
      <packs>
        <pack name="SAM9X6_DFP" vendor="Microchip" version="1.0.19"/>
        <pack name="CMSIS" vendor="ARM" version="5.4.0"/>
      </packs>
      <compileType>
        <linkerTool>
          <linkerLibItems>
          </linkerLibItems>
        </linkerTool>
        <archiverTool>
        </archiverTool>
        <loading>
          <useAlternateLoadableFile>false</useAlternateLoadableFile>
          <parseOnProdLoad>false</parseOnProdLoad>
          <alternateLoadableFile/>
        </loading>
        <subordinates>
        </subordinates>
      </compileType>
      <makeCustomizationType>
        <makeCustomizationPreStepEnabled>false</makeCustomizationPreStepEnabled>
        <makeCustomizationPreStep/>
        <makeCustomizationPostStepEnabled>true</makeCustomizationPostStepEnabled>
        <makeCustomizationPostStep>${MP_CC_DIR}/xc32-objcopy.exe -O binary ${DISTDIR}/${PROJECTNAME}.${IMAGE_TYPE}.elf ${DISTDIR}/harmony.bin</makeCustomizationPostStep>
        <makeCustomizationPutChecksumInUserID>false</makeCustomizationPutChecksumInUserID>
        <makeCustomizationEnableLongLines>false</makeCustomizationEnableLongLines>
        <makeCustomizationNormalizeHexFile>false</makeCustomizationNormalizeHexFile>
      </makeCustomizationType>
      <AtmelIceTool>
        <property key="AutoSelectMemRanges" value="auto"/>
        <property key="communication.interface" value="swd"/>
        <property key="communication.speed" value="4.000"/>
        <property key="memories.aux" value="false"/>
        <property key="memories.bootflash" value="true"/>
        <property key="memories.configurationmemory" value="true"/>
        <property key="memories.configurationmemory2" value="true"/>
        <property key="memories.dataflash" value="true"/>
        <property key="memories.eeprom" value="true"/>
        <property key="memories.flashdata" value="true"/>
        <property key="memories.id" value="true"/>
        <property key="memories.instruction.ram.ranges" value="${memories.instruction.ram.ranges}"/>
        <property key="memories.programmemory" value="true"/>
        <property key="memories.programmemory.ranges" value="0x400000-0x5fffff"/>
        <property key="programoptions.eraseb4program" value="false"/>
        <property key="programoptions.preservedataflash" value="false"/>
        <property key="programoptions.preserveeeprom" value="false"/>
        <property key="programoptions.preserveeeprom.ranges" value=""/>
        <property key="programoptions.preserveprogram.ranges" value=""/>
        <property key="programoptions.preserveprogramrange" value="false"/>
        <property key="programoptions.preserveuserid" value="false"/>
      </AtmelIceTool>
      <C32>
        <property key="additional-warnings" value="true"/>
        <property key="addresss-attribute-use" value="false"/>
        <property key="enable-app-io" value="false"/>
        <property key="enable-omit-frame-pointer" value="false"/>
        <property key="enable-symbols" value="true"/>
        <property key="enable-unroll-loops" value="false"/>
        <property key="exclude-floating-point" value="false"/>
        <property key="extra-include-directories" value="../src;../src/config/lcdc_rgba8888_mxt_9x60_xc32_wqvga;../src/packs/SAM9X60_DFP;../src/packs/CMSIS/CMSIS/Core/Include;../src/packs/CMSIS/;../src/arm"/>
        <property key="generate-16-bit-code" value="false"/>
        <property key="generate-micro-compressed-code" value="false"/>
        <property key="isolate-each-function" value="true"/>
        <property key="make-warnings-into-errors" value="true"/>
        <property key="optimization-level" value="-O1"/>
        <property key="place-data-into-section" value="true"/>
        <property key="post-instruction-scheduling" value="default"/>
        <property key="pre-instruction-scheduling" value="default"/>
        <property key="preprocessor-macros" value=""/>
        <property key="strict-ansi" value="false"/>
        <property key="support-ansi" value="false"/>
        <property key="toplevel-reordering" value=""/>
        <property key="unaligned-access" value=""/>
        <property key="use-cci" value="false"/>
        <property key="use-iar" value="false"/>
        <property key="use-indirect-calls" value="false"/>
      </C32>
      <C32-AR>
        <property key="additional-options-chop-files" value="false"/>
      </C32-AR>
      <C32-AS>
        <property key="assembler-symbols" value=""/>
        <property key="enable-symbols" value="true"/>
        <property key="exclude-floating-point-library" value="false"/>
        <property key="expand-macros" value="false"/>
        <property key="extra-include-directories-for-assembler" value=""/>
        <property key="extra-include-directories-for-preprocessor" value=""/>
        <property key="false-conditionals" value="false"/>
        <property key="generate-16-bit-code" value="false"/>
        <property key="generate-micro-compressed-code" value="false"/>
        <property key="keep-locals" value="false"/>
        <property key="list-assembly" value="false"/>
        <property key="list-source" value="false"/>
        <property key="list-symbols" value="false"/>
        <property key="oXC32asm-list-to-file" value="false"/>
        <property key="omit-debug-dirs" value="false"/>
        <property key="omit-forms" value="false"/>
        <property key="preprocessor-macros" value=""/>
        <property key="warning-level" value=""/>
      </C32-AS>
      <C32-CO>
        <property key="coverage-enable" value=""/>
      </C32-CO>
      <C32-LD>
        <property key="additional-options-use-response-files" value="false"/>
        <property key="additional-options-write-sla" value="false"/>
        <property key="allocate-dinit" value="false"/>
        <property key="code-dinit" value="false"/>
        <property key="ebase-addr" value=""/>
        <property key="enable-check-sections" value="false"/>
        <property key="exclude-floating-point-library" value="false"/>
        <property key="exclude-standard-libraries" value="false"/>
        <property key="extra-lib-directories" value=""/>
        <property key="fill-flash-options-addr" value=""/>
        <property key="fill-flash-options-const" value=""/>
        <property key="fill-flash-options-how" value="0"/>
        <property key="fill-flash-options-inc-const" value="1"/>
        <property key="fill-flash-options-increment" value=""/>
        <property key="fill-flash-options-seq" value=""/>
        <property key="fill-flash-options-what" value="0"/>
        <property key="generate-16-bit-code" value="false"/>
        <property key="generate-cross-reference-file" value="false"/>
        <property key="generate-micro-compressed-code" value="false"/>
        <property key="heap-size" value="16384"/>
        <property key="input-libraries" value=""/>
        <property key="kseg-length" value=""/>
        <property key="kseg-origin" value=""/>
        <property key="linker-symbols" value=""/>
        <property key="map-file" value="${DISTDIR}/${PROJECTNAME}.${IMAGE_TYPE}.map"/>
        <property key="no-device-startup-code" value="true"/>
        <property key="no-startup-files" value="false"/>
        <property key="oXC32ld-extra-opts" value=""/>
        <property key="optimization-level" value=""/>
        <property key="preprocessor-macros" value="ROM_ORIGIN=0x0x23f00000;ROM_LENGTH=-0x23f00000"/>
        <property key="remove-unused-sections" value="true"/>
        <property key="report-memory-usage" value="false"/>
        <property key="serial-length" value=""/>
        <property key="serial-origin" value=""/>
        <property key="stack-size" value=""/>
        <property key="symbol-stripping" value=""/>
        <property key="trace-symbols" value=""/>
        <property key="warn-section-align" value="false"/>
      </C32-LD>
      <C32CPP>
        <property key="additional-warnings" value="false"/>
        <property key="addresss-attribute-use" value="false"/>
        <property key="check-new" value="false"/>
        <property key="eh-specs" value="true"/>
        <property key="enable-app-io" value="false"/>
        <property key="enable-omit-frame-pointer" value="false"/>
        <property key="enable-symbols" value="true"/>
        <property key="enable-unroll-loops" value="false"/>
        <property key="exceptions" value="true"/>
        <property key="exclude-floating-point" value="false"/>
        <property key="extra-include-directories" value=""/>
        <property key="generate-16-bit-code" value="false"/>
        <property key="generate-micro-compressed-code" value="false"/>
        <property key="isolate-each-function" value="true"/>
        <property key="make-warnings-into-errors" value="false"/>
        <property key="optimization-level" value="-O1"/>
        <property key="place-data-into-section" value="false"/>
        <property key="post-instruction-scheduling" value="default"/>
        <property key="pre-instruction-scheduling" value="default"/>
        <property key="preprocessor-macros" value=""/>
        <property key="rtti" value="true"/>
        <property key="strict-ansi" value="false"/>
        <property key="toplevel-reordering" value=""/>
        <property key="unaligned-access" value=""/>
        <property key="use-cci" value="false"/>
        <property key="use-iar" value="false"/>
        <property key="use-indirect-calls" value="false"/>
      </C32CPP>
      <C32Global>
        <property key="common-include-directories" value=""/>
        <property key="gp-relative-option" value=""/>
        <property key="legacy-libc" value="false"/>
        <property key="mdtcm" value=""/>
        <property key="mitcm" value=""/>
        <property key="mstacktcm" value="false"/>
        <property key="relaxed-math" value="false"/>
        <property key="save-temps" value="false"/>
        <property key="wpo-lto" value="false"/>
      </C32Global>
      <PICkit3PlatformTool>
        <property key="ADC 1" value="true"/>
        <property key="AutoSelectMemRanges" value="auto"/>
        <property key="CHANGE NOTICE" value="true"/>
        <property key="COMPARATOR" value="true"/>
        <property key="CTMU" value="true"/>
        <property key="DMA" value="true"/>
        <property key="Freeze All Other Peripherals" value="true"/>
        <property key="I2C1" value="true"/>
        <property key="I2C2" value="true"/>
        <property key="INPUT CAPTURE 1" value="true"/>
        <property key="INPUT CAPTURE 2" value="true"/>
        <property key="INPUT CAPTURE 3" value="true"/>
        <property key="INPUT CAPTURE 4" value="true"/>
        <property key="INPUT CAPTURE 5" value="true"/>
        <property key="INTERRUPT CONTROL" value="true"/>
        <property key="OUTPUT COMPARE 1" value="true"/>
        <property key="OUTPUT COMPARE 2" value="true"/>
        <property key="OUTPUT COMPARE 3" value="true"/>
        <property key="OUTPUT COMPARE 4" value="true"/>
        <property key="OUTPUT COMPARE 5" value="true"/>
        <property key="PARALLEL MASTER/SLAVE PORT" value="true"/>
        <property key="REAL TIME CLOCK" value="true"/>
        <property key="SPI/I2S 1" value="true"/>
        <property key="SPI/I2S 2" value="true"/>
        <property key="SecureSegment.SegmentProgramming" value="FullChipProgramming"/>
        <property key="TIMER1" value="true"/>
        <property key="TIMER2" value="true"/>
        <property key="TIMER3" value="true"/>
        <property key="TIMER4" value="true"/>
        <property key="TIMER5" value="true"/>
        <property key="ToolFirmwareFilePath" value="Press to browse for a specific firmware version"/>
        <property key="ToolFirmwareOption.UseLatestFirmware" value="true"/>
        <property key="UART1" value="true"/>
        <property key="UART2" value="true"/>
        <property key="hwtoolclock.frcindebug" value="false"/>
        <property key="memories.aux" value="false"/>
        <property key="memories.bootflash" value="true"/>
        <property key="memories.configurationmemory" value="true"/>
        <property key="memories.eeprom" value="true"/>
        <property key="memories.flashdata" value="true"/>
        <property key="memories.id" value="true"/>
        <property key="memories.programmemory" value="true"/>
        <property key="memories.programmemory.end" value="0x1d003fff"/>
        <property key="memories.programmemory.start" value="0x1d000000"/>
        <property key="poweroptions.powerenable" value="false"/>
        <property key="programmertogo.imagename" value=""/>
        <property key="programoptions.donoteraseauxmem" value="false"/>
        <property key="programoptions.eraseb4program" value="true"/>
        <property key="programoptions.pgmspeed" value="2"/>
        <property key="programoptions.preserveeeprom" value="false"/>
        <property key="programoptions.preserveprogramrange" value="false"/>
        <property key="programoptions.preserveprogramrange.end" value="0x1d003fff"/>
        <property key="programoptions.preserveprogramrange.start" value="0x1d000000"/>
        <property key="programoptions.preserveuserid" value="false"/>
        <property key="programoptions.testmodeentrymethod" value="VPPFirst"/>
        <property key="programoptions.usehighvoltageonmclr" value="false"/>
        <property key="programoptions.uselvpprogramming" value="false"/>
        <property key="voltagevalue" value="3.25"/>
      </PICkit3PlatformTool>
      <Simulator>
        <property key="codecoverage.enabled" value="Disable"/>
        <property key="codecoverage.enableoutputtofile" value="false"/>
        <property key="codecoverage.outputfile" value=""/>
        <property key="oscillator.auxfrequency" value="120"/>
        <property key="oscillator.auxfrequencyunit" value="Mega"/>
        <property key="oscillator.frequency" value="1"/>
        <property key="oscillator.frequencyunit" value="Mega"/>
        <property key="oscillator.rcfrequency" value="250"/>
        <property key="oscillator.rcfrequencyunit" value="Kilo"/>
        <property key="periphADC1.altscl" value="false"/>
        <property key="periphADC1.minTacq" value=""/>
        <property key="periphADC1.tacqunits" value="microseconds"/>
        <property key="periphADC2.altscl" value="false"/>
        <property key="periphADC2.minTacq" value=""/>
        <property key="periphADC2.tacqunits" value="microseconds"/>
        <property key="periphComp1.gte" value="gt"/>
        <property key="periphComp2.gte" value="gt"/>
        <property key="periphComp3.gte" value="gt"/>
        <property key="periphComp4.gte" value="gt"/>
        <property key="periphComp5.gte" value="gt"/>
        <property key="periphComp6.gte" value="gt"/>
        <property key="reset.scl" value="false"/>
        <property key="reset.type" value="MCLR"/>
        <property key="tracecontrol.include.timestamp" value="summarydataenabled"/>
        <property key="tracecontrol.select" value="0"/>
        <property key="tracecontrol.stallontracebufferfull" value="false"/>
        <property key="tracecontrol.timestamp" value="0"/>
        <property key="tracecontrol.tracebufmax" value="546000"/>
        <property key="tracecontrol.tracefile" value="defmplabxtrace.log"/>
        <property key="tracecontrol.traceresetonrun" value="false"/>
        <property key="uart0io.output" value="window"/>
        <property key="uart0io.outputfile" value=""/>
        <property key="uart0io.uartioenabled" value="false"/>
        <property key="uart10io.output" value="window"/>
        <property key="uart10io.outputfile" value=""/>
        <property key="uart10io.uartioenabled" value="false"/>
        <property key="uart1io.output" value="window"/>
        <property key="uart1io.outputfile" value=""/>
        <property key="uart1io.uartioenabled" value="false"/>
        <property key="uart2io.output" value="window"/>
        <property key="uart2io.outputfile" value=""/>
        <property key="uart2io.uartioenabled" value="false"/>
        <property key="uart3io.output" value="window"/>
        <property key="uart3io.outputfile" value=""/>
        <property key="uart3io.uartioenabled" value="false"/>
        <property key="uart4io.output" value="window"/>
        <property key="uart4io.outputfile" value=""/>
        <property key="uart4io.uartioenabled" value="false"/>
        <property key="uart5io.output" value="window"/>
        <property key="uart5io.outputfile" value=""/>
        <property key="uart5io.uartioenabled" value="false"/>
        <property key="uart6io.output" value="window"/>
        <property key="uart6io.outputfile" value=""/>
        <property key="uart6io.uartioenabled" value="false"/>
        <property key="uart7io.output" value="window"/>
        <property key="uart7io.outputfile" value=""/>
        <property key="uart7io.uartioenabled" value="false"/>
        <property key="uart8io.output" value="window"/>
        <property key="uart8io.outputfile" value=""/>
        <property key="uart8io.uartioenabled" value="false"/>
        <property key="uart9io.output" value="window"/>
        <property key="uart9io.outputfile" value=""/>
        <property key="uart9io.uartioenabled" value="false"/>
        <property key="warningmessagebreakoptions.W0001_CORE_BITREV_MODULO_EN" value="report"/>
        <property key="warningmessagebreakoptions.W0002_CORE_SECURE_MEMORYACCESS" value="report"/>
        <property key="warningmessagebreakoptions.W0003_CORE_SW_RESET" value="report"/>
        <property key="warningmessagebreakoptions.W0004_CORE_WDT_RESET" value="report"/>
        <property key="warningmessagebreakoptions.W0005_CORE_IOPUW_RESET" value="report"/>
        <property key="warningmessagebreakoptions.W0006_CORE_CODE_GUARD_PFC_RESET" value="report"/>
        <property key="warningmessagebreakoptions.W0007_CORE_DO_LOOP_STACK_UNDERFLOW" value="report"/>
        <property key="warningmessagebreakoptions.W0008_CORE_DO_LOOP_STACK_OVERFLOW" value="report"/>
        <property key="warningmessagebreakoptions.W0009_CORE_NESTED_DO_LOOP_RANGE" value="report"/>
        <property key="warningmessagebreakoptions.W0010_CORE_SIM32_ODD_WORDACCESS" value="report"/>
        <property key="warningmessagebreakoptions.W0011_CORE_SIM32_UNIMPLEMENTED_RAMACCESS" value="report"/>
        <property key="warningmessagebreakoptions.W0012_CORE_STACK_OVERFLOW_RESET" value="report"/>
        <property key="warningmessagebreakoptions.W0013_CORE_STACK_UNDERFLOW_RESET" value="report"/>
        <property key="warningmessagebreakoptions.W0014_CORE_INVALID_OPCODE" value="report"/>
        <property key="warningmessagebreakoptions.W0015_CORE_INVALID_ALT_WREG_SET" value="report"/>
        <property key="warningmessagebreakoptions.W0016_CORE_STACK_ERROR" value="report"/>
        <property key="warningmessagebreakoptions.W0017_CORE_ODD_RAMWORDACCESS" value="report"/>
        <property key="warningmessagebreakoptions.W0018_CORE_UNIMPLEMENTED_RAMACCESS" value="report"/>
        <property key="warningmessagebreakoptions.W0019_CORE_UNIMPLEMENTED_PROMACCESS" value="report"/>
        <property key="warningmessagebreakoptions.W0020_CORE_ACCESS_NOTIN_X_SPACE" value="report"/>
        <property key="warningmessagebreakoptions.W0021_CORE_ACCESS_NOTIN_Y_SPACE" value="report"/>
        <property key="warningmessagebreakoptions.W0022_CORE_XMODEND_LESS_XMODSRT" value="report"/>
        <property key="warningmessagebreakoptions.W0023_CORE_YMODEND_LESS_YMODSRT" value="report"/>
        <property key="warningmessagebreakoptions.W0024_CORE_BITREV_MOD_IS_ZERO" value="report"/>
        <property key="warningmessagebreakoptions.W0025_CORE_HARD_TRAP" value="report"/>
        <property key="warningmessagebreakoptions.W0026_CORE_UNIMPLEMENTED_MEMORYACCESS" value="report"/>
        <property key="warningmessagebreakoptions.W0027_CORE_UNIMPLEMENTED_EDSACCESS" value="report"/>
        <property key="warningmessagebreakoptions.W0028_TBLRD_WORM_CONFIG_MEMORY" value="report"/>
        <property key="warningmessagebreakoptions.W0029_TBLRD_DEVICE_ID" value="report"/>
        <property key="warningmessagebreakoptions.W0030_CORE_UNIMPLEMENTED_MEMORY_ACCESS" value="report"/>
        <property key="warningmessagebreakoptions.W0031_BSLIM_INSUFFICIENT_BOOT_SEGMENT" value="report"/>
        <property key="warningmessagebreakoptions.W0032_BSLIM_LIMITS_EXCEEDS_PROG_MEMORY" value="report"/>
        <property key="warningmessagebreakoptions.W0033_CORE_UNPREDICTABLE_OPCODE" value="report"/>
        <property key="warningmessagebreakoptions.W0034_CORE_UNALIGNED_MEMORY_ACCESS" value="report"/>
        <property key="warningmessagebreakoptions.W0035_CORE_UNIMPLEMENTED_RAMACCESS_NOTRAP" value="report"/>
        <property key="warningmessagebreakoptions.W0040_FPU_DIFF_CP10_CP11" value="report"/>
        <property key="warningmessagebreakoptions.W0041_FPU_ACCESS_DENIED" value="report"/>
        <property key="warningmessagebreakoptions.W0042_FPU_PRIVILEGED_ACCESS_ONLY" value="report"/>
        <property key="warningmessagebreakoptions.W0043_FPU_CP_RESERVED_VALUE" value="report"/>
        <property key="warningmessagebreakoptions.W0044_FPU_OUT_OF_RANGE" value="report"/>
        <property key="warningmessagebreakoptions.W0051_INSTRUCTION_DIV_NOT_ENOUGH_REPEAT" value="report"/>
        <property key="warningmessagebreakoptions.W0052_INSTRUCTION_DIV_TOO_MANY_REPEAT" value="report"/>
        <property key="warningmessagebreakoptions.W0053_INVALID_INTCON_VS_FIELD_VALUE" value="report"/>
        <property key="warningmessagebreakoptions.W0101_SIM_UPDATE_FAILED" value="report"/>
        <property key="warningmessagebreakoptions.W0102_SIM_PERIPH_MISSING" value="report"/>
        <property key="warningmessagebreakoptions.W0103_SIM_PERIPH_FAILED" value="report"/>
        <property key="warningmessagebreakoptions.W0104_SIM_FAILED_TO_INIT_TOOL" value="report"/>
        <property key="warningmessagebreakoptions.W0105_SIM_INVALID_FIELD" value="report"/>
        <property key="warningmessagebreakoptions.W0106_SIM_PERIPH_PARTIAL_SUPPORT" value="report"/>
        <property key="warningmessagebreakoptions.W0107_SIM_NOT_SUPPORTED" value="report"/>
        <property key="warningmessagebreakoptions.W0108_SIM_RESERVED_SETTING" value="report"/>
        <property key="warningmessagebreakoptions.W0109_SIM_PERIPHERAL_IN_DEVELOPMENT" value="report"/>
        <property key="warningmessagebreakoptions.W0110_SIM_UNEXPECTED_EVENT" value="report"/>
        <property key="warningmessagebreakoptions.W0111_SIM_UNSUPPORTED_SELECTION" value="report"/>
        <property key="warningmessagebreakoptions.W0112_SIM_INVALID_OPERATION" value="report"/>
        <property key="warningmessagebreakoptions.W0113_SIM_WRITE_TO_PROTECTED_SFR" value="report"/>
        <property key="warningmessagebreakoptions.W0114_SIM_INVALID_KEY" value="report"/>
        <property key="warningmessagebreakoptions.W0115_SIM_FAILED_TO_PARSE_DEVICE_FILE" value="report"/>
        <property key="warningmessagebreakoptions.W0116_SIM_STACK_OVERFLOW" value="report"/>
        <property key="warningmessagebreakoptions.W0117_SIM_STACK_UNDERFLOW" value="report"/>
        <property key="warningmessagebreakoptions.W0118_SIM_INVALID_FIELD_VALUE" value="report"/>
        <property key="warningmessagebreakoptions.W0119_SIM_SAMPLING_RATE_VIOLATION" value="report"/>
        <property key="warningmessagebreakoptions.W0201_ADC_NO_STIMULUS_FILE" value="report"/>
        <property key="warningmessagebreakoptions.W0202_ADC_GO_DONE_BIT" value="report"/>
        <property key="warningmessagebreakoptions.W0203_ADC_MINIMUM_2_TAD" value="report"/>
        <property key="warningmessagebreakoptions.W0204_ADC_TAD_TOO_SMALL" value="report"/>
        <property key="warningmessagebreakoptions.W0205_ADC_UNEXPECTED_TRANSITION" value="report"/>
        <property key="warningmessagebreakoptions.W0206_ADC_SAMP_TIME_TOO_SHORT" value="report"/>
        <property key="warningmessagebreakoptions.W0207_ADC_NO_PINS_SCANNED" value="report"/>
        <property key="warningmessagebreakoptions.W0208_ADC_UNSUPPORTED_CLOCK_SOURCE" value="report"/>
        <property key="warningmessagebreakoptions.W0209_ADC_ANALOG_CHANNEL_DIGITAL" value="report"/>
        <property key="warningmessagebreakoptions.W0210_ADC_ANALOG_CHANNEL_OUTPUT" value="report"/>
        <property key="warningmessagebreakoptions.W0211_ADC_PIN_INVALID_CHANNEL" value="report"/>
        <property key="warningmessagebreakoptions.W0212_ADC_BAND_GAP_NOT_SUPPORTED" value="report"/>
        <property key="warningmessagebreakoptions.W0213_ADC_RESERVED_SSRC" value="report"/>
        <property key="warningmessagebreakoptions.W0214_ADC_POSITIVE_INPUT_DIGITAL" value="report"/>
        <property key="warningmessagebreakoptions.W0215_ADC_POSITIVE_INPUT_OUTPUT" value="report"/>
        <property key="warningmessagebreakoptions.W0216_ADC_NEGATIVE_INPUT_DIGITAL" value="report"/>
        <property key="warningmessagebreakoptions.W0217_ADC_NEGATIVE_INPUT_OUTPUT" value="report"/>
        <property key="warningmessagebreakoptions.W0218_ADC_REFERENCE_HIGH_DIGITAL" value="report"/>
        <property key="warningmessagebreakoptions.W0219_ADC_REFERENCE_HIGH_OUTPUT" value="report"/>
        <property key="warningmessagebreakoptions.W0220_ADC_REFERENCE_LOW_DIGITAL" value="report"/>
        <property key="warningmessagebreakoptions.W0221_ADC_REFERENCE_LOW_OUTPUT" value="report"/>
        <property key="warningmessagebreakoptions.W0222_ADC_OVERFLOW" value="report"/>
        <property key="warningmessagebreakoptions.W0223_ADC_UNDERFLOW" value="report"/>
        <property key="warningmessagebreakoptions.W0224_ADC_CTMU_NOT_SUPPORTED" value="report"/>
        <property key="warningmessagebreakoptions.W0225_ADC_INVALID_CH0S" value="report"/>
        <property key="warningmessagebreakoptions.W0226_ADC_VBAT_NOT_SUPPORTED" value="report"/>
        <property key="warningmessagebreakoptions.W0227_ADC_INVALID_ADCS" value="report"/>
        <property key="warningmessagebreakoptions.W0228_ADC_INVALID_ADCS" value="report"/>
        <property key="warningmessagebreakoptions.W0229_ADC_INVALID_ADCS" value="report"/>
        <property key="warningmessagebreakoptions.W0230_ADC_TRIGSEL_NOT_SUPPORTED" value="report"/>
        <property key="warningmessagebreakoptions.W0231_ADC_NOT_WARMED" value="report"/>
        <property key="warningmessagebreakoptions.W0232_ADC_CALIBRATION_ABORTED" value="report"/>
        <property key="warningmessagebreakoptions.W0233_ADC_CORE_POWERED_EARLY" value="report"/>
        <property key="warningmessagebreakoptions.W0234_ADC_ALREADY_CALIBRATING" value="report"/>
        <property key="warningmessagebreakoptions.W0235_ADC_CAL_TYPE_CHANGED" value="report"/>
        <property key="warningmessagebreakoptions.W0236_ADC_CAL_INVALIDATED" value="report"/>
        <property key="warningmessagebreakoptions.W0237_ADC_UNKNOWN_DATASHEET" value="report"/>
        <property key="warningmessagebreakoptions.W0238_ADC_INVALID_SFR_FIELD_VALUE" value="report"/>
        <property key="warningmessagebreakoptions.W0239_ADC_UNSUPPORTED_INPUT" value="report"/>
        <property key="warningmessagebreakoptions.W0240_ADC_NOT_CALIBRATED" value="report"/>
        <property key="warningmessagebreakoptions.W0241_ADC_FRACTIONAL_NOT_ALLOWED" value="report"/>
        <property key="warningmessagebreakoptions.W0242_ADC_BG_INT_BEFORE_PWR" value="report"/>
        <property key="warningmessagebreakoptions.W0243_ADC_INVALID_TAD" value="report"/>
        <property key="warningmessagebreakoptions.W0244_ADC_CONVERSION_ABORTED" value="report"/>
        <property key="warningmessagebreakoptions.W0245_ADC_BUFREGEN_NOT_ALLOWED" value="report"/>
        <property key="warningmessagebreakoptions.W0400_PWM_PWM_FASTER_THAN_FOSC" value="report"/>
        <property key="warningmessagebreakoptions.W0600_WDT_2ND_WDT_MR_WRITE" value="report"/>
        <property key="warningmessagebreakoptions.W0601_WDT_EXPIRED" value="report"/>
        <property key="warningmessagebreakoptions.W0601_WDT_RESET_OUTSIDE_WINDOW" value="report"/>
        <property key="warningmessagebreakoptions.W0700_CLC_GENERAL_WARNING" value="report"/>
        <property key="warningmessagebreakoptions.W0701_CLC_CLCOUT_AS_INPUT" value="report"/>
        <property key="warningmessagebreakoptions.W0702_CLC_CIRCULAR_LOOP" value="report"/>
        <property key="warningmessagebreakoptions.W0800_ACC_INPUT_INVALID_CONFIG" value="report"/>
        <property key="warningmessagebreakoptions.W0801_ACC_INPUT_NOT_SUPPORTED" value="report"/>
        <property key="warningmessagebreakoptions.W0802_ACC_INVERTED_WINDOW_LIMITS" value="report"/>
        <property key="warningmessagebreakoptions.W0803_ACC_MISMATCHED_POS_INPUTS" value="report"/>
        <property key="warningmessagebreakoptions.W0804_ACC_WINDOW_COMP_DISABLED" value="report"/>
        <property key="warningmessagebreakoptions.W0805_ACC_WINDOW_COMPS_MODES" value="report"/>
        <property key="warningmessagebreakoptions.W0806_ACC_FEATURE_NOT_SUPPORTED" value="report"/>
        <property key="warningmessagebreakoptions.W10001_RESERVED_IRQ_HANDLER_INVOKED" value="report"/>
        <property key="warningmessagebreakoptions.W10002_UNSUPPORTED_CLK_SOURCE" value="report"/>
        <property key="warningmessagebreakoptions.W10101_UNSUPPORTED_CHANNEL_MODE" value="report"/>
        <property key="warningmessagebreakoptions.W10102_UNSUPPORTED_CLK_SOURCE" value="report"/>
        <property key="warningmessagebreakoptions.W10103_UNSUPPORTED_RECEIVER_FILTER" value="report"/>
        <property key="warningmessagebreakoptions.W10301_NO_PORT_PINS_FOUND" value="report"/>
        <property key="warningmessagebreakoptions.W10500_UNSUPPORTED_SOURCE" value="report"/>
        <property key="warningmessagebreakoptions.W1201_DATAFLASH_MEM_OUTSIDE_RANGE" value="report"/>
        <property key="warningmessagebreakoptions.W1202_DATAFLASH_ERASE_WHILE_LOCKED" value="report"/>
        <property key="warningmessagebreakoptions.W1203_DATAFLASH_WRITE_WHILE_LOCKED" value="report"/>
        <property key="warningmessagebreakoptions.W1401_DMA_PERIPH_NOT_AVAIL" value="report"/>
        <property key="warningmessagebreakoptions.W1402_DMA_INVALID_IRQ" value="report"/>
        <property key="warningmessagebreakoptions.W1403_DMA_INVALID_SFR" value="report"/>
        <property key="warningmessagebreakoptions.W1404_DMA_INVALID_DMA_ADDR" value="report"/>
        <property key="warningmessagebreakoptions.W1405_DMA_IRQ_DIR_MISMATCH" value="report"/>
        <property key="warningmessagebreakoptions.W1600_PPS_INVALID_MAP" value="report"/>
        <property key="warningmessagebreakoptions.W1601_PPS_INVALID_PIN_DESCRIPTION" value="report"/>
        <property key="warningmessagebreakoptions.W1800_PWM_TIMER_SELECTION_NOT_AVIALABLE" value="report"/>
        <property key="warningmessagebreakoptions.W1801_PWM_TIMER_SELECTION_BAD_CLOCK_INPUT" value="report"/>
        <property key="warningmessagebreakoptions.W1802_PWM_TIMER_MISSING_PERSCALER_INFO" value="report"/>
        <property key="warningmessagebreakoptions.W2001_INPUTCAPTURE_TMR3_UNAVAILABLE" value="report"/>
        <property key="warningmessagebreakoptions.W2002_INPUTCAPTURE_CAPTURE_EMPTY" value="report"/>
        <property key="warningmessagebreakoptions.W2003_INPUTCAPTURE_SYNCSEL_NOT_AVIALABLE" value="report"/>
        <property key="warningmessagebreakoptions.W2004_INPUTCAPTURE_BAD_SYNC_SOURCE" value="report"/>
        <property key="warningmessagebreakoptions.W2501_OUTPUTCOMPARE_SYNCSEL_NOT_AVIALABLE" value="report"/>
        <property key="warningmessagebreakoptions.W2502_OUTPUTCOMPARE_BAD_SYNC_SOURCE" value="report"/>
        <property key="warningmessagebreakoptions.W2503_OUTPUTCOMPARE_BAD_TRIGGER_SOURCE" value="report"/>
        <property key="warningmessagebreakoptions.W2700_MPU_ILLEGAL_DREGION" value="report"/>
        <property key="warningmessagebreakoptions.W2701_MPU_INVALID_REGION" value="report"/>
        <property key="warningmessagebreakoptions.W3000_LPM_READ_PROTECTION_SECTION" value="report"/>
        <property key="warningmessagebreakoptions.W3010_SPM_WRITE_PROTECTION_SECTION" value="report"/>
        <property key="warningmessagebreakoptions.W6001_RTT_FORBIDDEN_RTPRES" value="report"/>
        <property key="warningmessagebreakoptions.W6002_RTT_BAD_WRITING_ALMV" value="report"/>
        <property key="warningmessagebreakoptions.W6003_RTT_BAD_WRITING_RTPRES" value="report"/>
        <property key="warningmessagebreakoptions.W7001_SMT_CLK_SELECTION_NOT_SUPPORT" value="report"/>
        <property key="warningmessagebreakoptions.W7002_SMT_SIG_SELECTION_NOT_SUPPORT" value="report"/>
        <property key="warningmessagebreakoptions.W7003_SMT_WIN_SELECTION_NOT_SUPPORT" value="report"/>
        <property key="warningmessagebreakoptions.W8001_OSC_INVALID_CLOCK_SOURCE" value="report"/>
        <property key="warningmessagebreakoptions.W9001_TMR_GATE_AND_EXTCLOCK_ENABLED" value="report"/>
        <property key="warningmessagebreakoptions.W9002_TMR_NO_PIN_AVAILABLE" value="report"/>
        <property key="warningmessagebreakoptions.W9003_TMR_INVALID_CLOCK_SOURCE" value="report"/>
        <property key="warningmessagebreakoptions.W9201_UART_TX_OVERFLOW" value="report"/>
        <property key="warningmessagebreakoptions.W9202_UART_TX_CAPTUREFILE" value="report"/>
        <property key="warningmessagebreakoptions.W9203_UART_TX_INVALIDINTERRUPTMODE" value="report"/>
        <property key="warningmessagebreakoptions.W9204_UART_RX_EMPTY_QUEUE" value="report"/>
        <property key="warningmessagebreakoptions.W9205_UART_TX_BADFILE" value="report"/>
        <property key="warningmessagebreakoptions.W9206_UART_RESERVED_MODE" value="report"/>
        <property key="warningmessagebreakoptions.W9207_UART_UNABLETOCLOSE_FILE" value="report"/>
        <property key="warningmessagebreakoptions.W9401_CVREF_INVALIDSOURCESELECTION" value="report"/>
        <property key="warningmessagebreakoptions.W9402_CVREF_INPUT_OUTPUTPINCONFLICT" value="report"/>
        <property key="warningmessagebreakoptions.W9601_COMP_FVR_SOURCE_UNAVAILABLE" value="report"/>
        <property key="warningmessagebreakoptions.W9602_COMP_DAC_SOURCE_UNAVAILABLE" value="report"/>
        <property key="warningmessagebreakoptions.W9603_COMP_CVREF_SOURCE_UNAVAILABLE" value="report"/>
        <property key="warningmessagebreakoptions.W9604_COMP_SLOPE_SOURCE_UNAVAILABLE" value="report"/>
        <property key="warningmessagebreakoptions.W9605_COMP_PRG_SOURCE_UNAVAILABLE" value="report"/>
        <property key="warningmessagebreakoptions.W9607_COMP_DGTL_FLTR_OPTION_UNAVAILABLE" value="report"/>
        <property key="warningmessagebreakoptions.W9609_COMP_DGTL_FLTR_CLK_UNAVAILABLE" value="report"/>
        <property key="warningmessagebreakoptions.W9801_FVR_INVALID_MODE_SELECTION" value="report"/>
        <property key="warningmessagebreakoptions.W9801_SCL_BAD_SUBTYPE_INDICATION" value="report"/>
        <property key="warningmessagebreakoptions.W9802_SCL_FILE_NOT_FOUND" value="report"/>
        <property key="warningmessagebreakoptions.W9803_SCL_FAILED_TO_READ_FILE" value="report"/>
        <property key="warningmessagebreakoptions.W9804_SCL_UNRECOGNIZED_LABEL" value="report"/>
        <property key="warningmessagebreakoptions.W9805_SCL_UNRECOGNIZED_VAR" value="report"/>
        <property key="warningmessagebreakoptions.W9901_RTSP_INVALID_OPERATION_SELECTION" value="report"/>
        <property key="warningmessagebreakoptions.W9902_RTSP_FLASH_PROGRAM_WRITE_PROTECTED" value="report"/>
        <property key="warningmessagebreakoptions.displaywarningmessagesoption" value=""/>
        <property key="warningmessagebreakoptions.warningmessages" value="holdstate"/>
      </Simulator>
    </conf>
  </confs>
</configurationDescriptor>