[
    {
        "name": "Title",
        "language": 0,
        "font": "Arial"
    },
    {
        "name": "Ok",
        "language": 0,
        "font": "Arial"
    },
    {
        "name": "FlashingComplete",
        "language": 0,
        "font": "Arial_sm"
    },
    {
        "name": "USB",
        "language": 0,
        "font": "Arial"
    },
    {
        "name": "stringNumberFiller",
        "language": 0,
        "font": "Arial_sm"
    },
    {
        "name": "SDCard",
        "language": 0,
        "font": "Arial"
    },
    {
        "name": "FileNotFound1",
        "language": 0,
        "font": "Arial_sm"
    },
    {
        "name": "Of",
        "language": 0,
        "font": "Arial_sm"
    },
    {
        "name": "Numbers",
        "language": 0,
        "font": "Arial_sm"
    },
    {
        "name": "InvalidFile",
        "language": 0,
        "font": "Arial_sm"
    },
    {
        "name": "NoValidMedium2",
        "language": 0,
        "font": "Arial_sm"
    },
    {
        "name": "RecordCount",
        "language": 0,
        "font": "Arial_sm"
    },
    {
        "name": "Done",
        "language": 0,
        "font": "Arial_sm"
    },
    {
        "name": "FileNotFound2",
        "language": 0,
        "font": "Arial_sm"
    },
    {
        "name": "UnknownError",
        "language": 0,
        "font": "Arial_sm"
    },
    {
        "name": "SelectSource",
        "language": 0,
        "font": "Arial_sm"
    },
    {
        "name": "NoValidMedium",
        "language": 0,
        "font": "Arial_sm"
    },
    {
        "name": "Flashing",
        "language": 0,
        "font": "Arial_sm"
    }
]