<?xml version="1.0" encoding="UTF-8" standalone="no"?>
<Configuration>
  <Components>
    <UniqueComponent dnOrder="0" id="aria_gfx_library">
      <Symbols dnOrder="0">
        <Boolean dnOrder="0" id="enableAppSupport">
          <Values dnOrder="0">
            <Dynamic dnOrder="0" id="aria_gfx_library" value="true"/>
          </Values>
        </Boolean>
        <Boolean dnOrder="1" id="enableInput">
          <Values dnOrder="0">
            <Dynamic dnOrder="0" id="aria_gfx_pda_tm4301b" value="true"/>
          </Values>
        </Boolean>
        <String dnOrder="2" id="genAriaEventAppHeaderName">
          <Values dnOrder="0">
            <Dynamic dnOrder="0" id="aria_gfx_library" value="app.h"/>
          </Values>
        </String>
        <Boolean dnOrder="3" id="useGlobalPalette">
          <Values dnOrder="0">
            <User dnOrder="0" value="false"/>
          </Values>
        </Boolean>
        <Boolean dnOrder="4" id="useRTOSExtensions">
          <Values dnOrder="0">
            <Dynamic dnOrder="0" id="aria_gfx_library" value="false"/>
          </Values>
        </Boolean>
      </Symbols>
      <Attachments dnOrder="1">
        <DirectDependency dnOrder="0" id="gfx_hal">
          <Attributes dnOrder="0">
            <String dnOrder="0" id="targetComponentID">
              <Value dnOrder="0">gfx_hal</Value>
            </String>
            <String dnOrder="1" id="targetAttachmentID">
              <Value dnOrder="0">gfx_hal</Value>
            </String>
          </Attributes>
        </DirectDependency>
      </Attachments>
    </UniqueComponent>
    <UniqueComponent dnOrder="1" id="aria_gfx_pda_tm4301b"/>
    <UniqueComponent bsp="true" dnOrder="2" id="BSP_SAM_9X60_Evaluation_Kit"/>
    <UniqueComponent dnOrder="3" id="core">
      <Symbols dnOrder="0">
        <KeyValueSet dnOrder="0" id="ADC_INTERRUPT_PRIORITY">
          <Values dnOrder="0">
            <Dynamic dnOrder="0" id="core" value="0"/>
          </Values>
        </KeyValueSet>
        <KeyValueSet dnOrder="1" id="ADC_INTERRUPT_SRC_TYPE">
          <Values dnOrder="0">
            <Dynamic dnOrder="0" id="core" value="0"/>
          </Values>
        </KeyValueSet>
        <KeyValueSet dnOrder="2" id="AES_INTERRUPT_PRIORITY">
          <Values dnOrder="0">
            <Dynamic dnOrder="0" id="core" value="0"/>
          </Values>
        </KeyValueSet>
        <KeyValueSet dnOrder="3" id="AES_INTERRUPT_SRC_TYPE">
          <Values dnOrder="0">
            <Dynamic dnOrder="0" id="core" value="0"/>
          </Values>
        </KeyValueSet>
        <Combo dnOrder="4" id="AIC_CODE_GENERATION">
          <Values dnOrder="0">
            <Dynamic dnOrder="0" id="core" value="AIC"/>
          </Values>
        </Combo>
        <String dnOrder="5" id="APP_START_ADDRESS">
          <Values dnOrder="0">
            <Dynamic dnOrder="0" id="core" value="0x23f00000"/>
          </Values>
        </String>
        <KeyValueSet dnOrder="6" id="CAN0_INTERRUPT_PRIORITY">
          <Values dnOrder="0">
            <Dynamic dnOrder="0" id="core" value="0"/>
          </Values>
        </KeyValueSet>
        <KeyValueSet dnOrder="7" id="CAN0_INTERRUPT_SRC_TYPE">
          <Values dnOrder="0">
            <Dynamic dnOrder="0" id="core" value="0"/>
          </Values>
        </KeyValueSet>
        <KeyValueSet dnOrder="8" id="CAN1_INTERRUPT_PRIORITY">
          <Values dnOrder="0">
            <Dynamic dnOrder="0" id="core" value="0"/>
          </Values>
        </KeyValueSet>
        <KeyValueSet dnOrder="9" id="CAN1_INTERRUPT_SRC_TYPE">
          <Values dnOrder="0">
            <Dynamic dnOrder="0" id="core" value="0"/>
          </Values>
        </KeyValueSet>
        <KeyValueSet dnOrder="10" id="CLASSD_INTERRUPT_PRIORITY">
          <Values dnOrder="0">
            <Dynamic dnOrder="0" id="core" value="0"/>
          </Values>
        </KeyValueSet>
        <KeyValueSet dnOrder="11" id="CLASSD_INTERRUPT_SRC_TYPE">
          <Values dnOrder="0">
            <Dynamic dnOrder="0" id="core" value="0"/>
          </Values>
        </KeyValueSet>
        <KeyValueSet dnOrder="12" id="CLK_LCDC_GCLKCSS">
          <Values dnOrder="0">
            <Dynamic dnOrder="0" id="aria_gfx_pda_tm4301b" value="3"/>
          </Values>
        </KeyValueSet>
        <Boolean dnOrder="13" id="CLK_LCDC_GCLKEN">
          <Values dnOrder="0">
            <Dynamic dnOrder="0" id="aria_gfx_pda_tm4301b" value="true"/>
          </Values>
        </Boolean>
        <KeyValueSet dnOrder="14" id="COMPILER_CHOICE">
          <Values dnOrder="0">
            <Dynamic dnOrder="0" id="core" value="0"/>
          </Values>
        </KeyValueSet>
        <Menu dnOrder="15" id="CoreIARMenu">
          <Attributes dnOrder="0">
            <Boolean dnOrder="0" id="visible">
              <Value dnOrder="0">false</Value>
            </Boolean>
          </Attributes>
        </Menu>
        <KeyValueSet dnOrder="16" id="DBGU_INTERRUPT_PRIORITY">
          <Values dnOrder="0">
            <Dynamic dnOrder="0" id="core" value="0"/>
          </Values>
        </KeyValueSet>
        <KeyValueSet dnOrder="17" id="DBGU_INTERRUPT_SRC_TYPE">
          <Values dnOrder="0">
            <Dynamic dnOrder="0" id="core" value="0"/>
          </Values>
        </KeyValueSet>
        <String dnOrder="18" id="ECC_INTERRUPT_HANDLER">
          <Values dnOrder="0">
            <Dynamic dnOrder="0" id="core" value="ECC_SharedHandler"/>
          </Values>
        </String>
        <KeyValueSet dnOrder="19" id="ECC_INTERRUPT_PRIORITY">
          <Values dnOrder="0">
            <Dynamic dnOrder="0" id="core" value="0"/>
          </Values>
        </KeyValueSet>
        <KeyValueSet dnOrder="20" id="ECC_INTERRUPT_SRC_TYPE">
          <Values dnOrder="0">
            <Dynamic dnOrder="0" id="core" value="0"/>
          </Values>
        </KeyValueSet>
        <Integer dnOrder="21" id="ECC_NUM_SHARES">
          <Values dnOrder="0">
            <Dynamic dnOrder="0" id="core" value="2"/>
          </Values>
        </Integer>
        <KeyValueSet dnOrder="22" id="EMAC0_INTERRUPT_PRIORITY">
          <Values dnOrder="0">
            <Dynamic dnOrder="0" id="core" value="0"/>
          </Values>
        </KeyValueSet>
        <KeyValueSet dnOrder="23" id="EMAC0_INTERRUPT_SRC_TYPE">
          <Values dnOrder="0">
            <Dynamic dnOrder="0" id="core" value="0"/>
          </Values>
        </KeyValueSet>
        <KeyValueSet dnOrder="24" id="EMAC1_INTERRUPT_PRIORITY">
          <Values dnOrder="0">
            <Dynamic dnOrder="0" id="core" value="0"/>
          </Values>
        </KeyValueSet>
        <KeyValueSet dnOrder="25" id="EMAC1_INTERRUPT_SRC_TYPE">
          <Values dnOrder="0">
            <Dynamic dnOrder="0" id="core" value="0"/>
          </Values>
        </KeyValueSet>
        <KeyValueSet dnOrder="26" id="EXT_FIQ_INTERRUPT_PRIORITY">
          <Values dnOrder="0">
            <Dynamic dnOrder="0" id="core" value="0"/>
          </Values>
        </KeyValueSet>
        <KeyValueSet dnOrder="27" id="EXT_FIQ_INTERRUPT_SRC_TYPE">
          <Values dnOrder="0">
            <Dynamic dnOrder="0" id="core" value="0"/>
          </Values>
        </KeyValueSet>
        <KeyValueSet dnOrder="28" id="EXT_IRQ_INTERRUPT_PRIORITY">
          <Values dnOrder="0">
            <Dynamic dnOrder="0" id="core" value="0"/>
          </Values>
        </KeyValueSet>
        <KeyValueSet dnOrder="29" id="EXT_IRQ_INTERRUPT_SRC_TYPE">
          <Values dnOrder="0">
            <Dynamic dnOrder="0" id="core" value="0"/>
          </Values>
        </KeyValueSet>
        <KeyValueSet dnOrder="30" id="FLEXCOM0_INTERRUPT_PRIORITY">
          <Values dnOrder="0">
            <Dynamic dnOrder="0" id="core" value="0"/>
          </Values>
        </KeyValueSet>
        <KeyValueSet dnOrder="31" id="FLEXCOM0_INTERRUPT_SRC_TYPE">
          <Values dnOrder="0">
            <Dynamic dnOrder="0" id="core" value="0"/>
          </Values>
        </KeyValueSet>
        <KeyValueSet dnOrder="32" id="FLEXCOM10_INTERRUPT_PRIORITY">
          <Values dnOrder="0">
            <Dynamic dnOrder="0" id="core" value="0"/>
          </Values>
        </KeyValueSet>
        <KeyValueSet dnOrder="33" id="FLEXCOM10_INTERRUPT_SRC_TYPE">
          <Values dnOrder="0">
            <Dynamic dnOrder="0" id="core" value="0"/>
          </Values>
        </KeyValueSet>
        <KeyValueSet dnOrder="34" id="FLEXCOM11_INTERRUPT_PRIORITY">
          <Values dnOrder="0">
            <Dynamic dnOrder="0" id="core" value="0"/>
          </Values>
        </KeyValueSet>
        <KeyValueSet dnOrder="35" id="FLEXCOM11_INTERRUPT_SRC_TYPE">
          <Values dnOrder="0">
            <Dynamic dnOrder="0" id="core" value="0"/>
          </Values>
        </KeyValueSet>
        <KeyValueSet dnOrder="36" id="FLEXCOM12_INTERRUPT_PRIORITY">
          <Values dnOrder="0">
            <Dynamic dnOrder="0" id="core" value="0"/>
          </Values>
        </KeyValueSet>
        <KeyValueSet dnOrder="37" id="FLEXCOM12_INTERRUPT_SRC_TYPE">
          <Values dnOrder="0">
            <Dynamic dnOrder="0" id="core" value="0"/>
          </Values>
        </KeyValueSet>
        <KeyValueSet dnOrder="38" id="FLEXCOM1_INTERRUPT_PRIORITY">
          <Values dnOrder="0">
            <Dynamic dnOrder="0" id="core" value="0"/>
          </Values>
        </KeyValueSet>
        <KeyValueSet dnOrder="39" id="FLEXCOM1_INTERRUPT_SRC_TYPE">
          <Values dnOrder="0">
            <Dynamic dnOrder="0" id="core" value="0"/>
          </Values>
        </KeyValueSet>
        <KeyValueSet dnOrder="40" id="FLEXCOM2_INTERRUPT_PRIORITY">
          <Values dnOrder="0">
            <Dynamic dnOrder="0" id="core" value="0"/>
          </Values>
        </KeyValueSet>
        <KeyValueSet dnOrder="41" id="FLEXCOM2_INTERRUPT_SRC_TYPE">
          <Values dnOrder="0">
            <Dynamic dnOrder="0" id="core" value="0"/>
          </Values>
        </KeyValueSet>
        <KeyValueSet dnOrder="42" id="FLEXCOM3_INTERRUPT_PRIORITY">
          <Values dnOrder="0">
            <Dynamic dnOrder="0" id="core" value="0"/>
          </Values>
        </KeyValueSet>
        <KeyValueSet dnOrder="43" id="FLEXCOM3_INTERRUPT_SRC_TYPE">
          <Values dnOrder="0">
            <Dynamic dnOrder="0" id="core" value="0"/>
          </Values>
        </KeyValueSet>
        <KeyValueSet dnOrder="44" id="FLEXCOM4_INTERRUPT_PRIORITY">
          <Values dnOrder="0">
            <Dynamic dnOrder="0" id="core" value="0"/>
          </Values>
        </KeyValueSet>
        <KeyValueSet dnOrder="45" id="FLEXCOM4_INTERRUPT_SRC_TYPE">
          <Values dnOrder="0">
            <Dynamic dnOrder="0" id="core" value="0"/>
          </Values>
        </KeyValueSet>
        <KeyValueSet dnOrder="46" id="FLEXCOM5_INTERRUPT_PRIORITY">
          <Values dnOrder="0">
            <Dynamic dnOrder="0" id="core" value="0"/>
          </Values>
        </KeyValueSet>
        <KeyValueSet dnOrder="47" id="FLEXCOM5_INTERRUPT_SRC_TYPE">
          <Values dnOrder="0">
            <Dynamic dnOrder="0" id="core" value="0"/>
          </Values>
        </KeyValueSet>
        <Boolean dnOrder="48" id="FLEXCOM6_CLOCK_ENABLE">
          <Values dnOrder="0">
            <Dynamic dnOrder="0" id="flexcom6" value="true"/>
          </Values>
        </Boolean>
        <Integer dnOrder="49" id="FLEXCOM6_CLOCK_FREQUENCY">
          <Values dnOrder="0">
            <Dynamic dnOrder="0" id="core" value="200000000"/>
          </Values>
        </Integer>
        <Boolean dnOrder="50" id="FLEXCOM6_INTERRUPT_ENABLE">
          <Values dnOrder="0">
            <Dynamic dnOrder="0" id="flexcom6" value="true"/>
          </Values>
        </Boolean>
        <String dnOrder="51" id="FLEXCOM6_INTERRUPT_HANDLER">
          <Values dnOrder="0">
            <Dynamic dnOrder="0" id="flexcom6" value="FLEXCOM6_InterruptHandler"/>
          </Values>
        </String>
        <Boolean dnOrder="52" id="FLEXCOM6_INTERRUPT_HANDLER_LOCK">
          <Values dnOrder="0">
            <Dynamic dnOrder="0" id="flexcom6" value="true"/>
          </Values>
        </Boolean>
        <KeyValueSet dnOrder="53" id="FLEXCOM6_INTERRUPT_PRIORITY">
          <Values dnOrder="0">
            <Dynamic dnOrder="0" id="core" value="0"/>
          </Values>
        </KeyValueSet>
        <KeyValueSet dnOrder="54" id="FLEXCOM6_INTERRUPT_SRC_TYPE">
          <Values dnOrder="0">
            <Dynamic dnOrder="0" id="core" value="0"/>
          </Values>
        </KeyValueSet>
        <KeyValueSet dnOrder="55" id="FLEXCOM7_INTERRUPT_PRIORITY">
          <Values dnOrder="0">
            <Dynamic dnOrder="0" id="core" value="0"/>
          </Values>
        </KeyValueSet>
        <KeyValueSet dnOrder="56" id="FLEXCOM7_INTERRUPT_SRC_TYPE">
          <Values dnOrder="0">
            <Dynamic dnOrder="0" id="core" value="0"/>
          </Values>
        </KeyValueSet>
        <KeyValueSet dnOrder="57" id="FLEXCOM8_INTERRUPT_PRIORITY">
          <Values dnOrder="0">
            <Dynamic dnOrder="0" id="core" value="0"/>
          </Values>
        </KeyValueSet>
        <KeyValueSet dnOrder="58" id="FLEXCOM8_INTERRUPT_SRC_TYPE">
          <Values dnOrder="0">
            <Dynamic dnOrder="0" id="core" value="0"/>
          </Values>
        </KeyValueSet>
        <KeyValueSet dnOrder="59" id="FLEXCOM9_INTERRUPT_PRIORITY">
          <Values dnOrder="0">
            <Dynamic dnOrder="0" id="core" value="0"/>
          </Values>
        </KeyValueSet>
        <KeyValueSet dnOrder="60" id="FLEXCOM9_INTERRUPT_SRC_TYPE">
          <Values dnOrder="0">
            <Dynamic dnOrder="0" id="core" value="0"/>
          </Values>
        </KeyValueSet>
        <Boolean dnOrder="61" id="GFX2D_CLOCK_ENABLE">
          <Values dnOrder="0">
            <Dynamic dnOrder="0" id="plib_gfx2d" value="true"/>
          </Values>
        </Boolean>
        <KeyValueSet dnOrder="62" id="GFX2D_INTERRUPT_PRIORITY">
          <Values dnOrder="0">
            <Dynamic dnOrder="0" id="core" value="0"/>
          </Values>
        </KeyValueSet>
        <KeyValueSet dnOrder="63" id="GFX2D_INTERRUPT_SRC_TYPE">
          <Values dnOrder="0">
            <Dynamic dnOrder="0" id="core" value="0"/>
          </Values>
        </KeyValueSet>
        <KeyValueSet dnOrder="64" id="I2SMCC_INTERRUPT_PRIORITY">
          <Values dnOrder="0">
            <Dynamic dnOrder="0" id="core" value="0"/>
          </Values>
        </KeyValueSet>
        <KeyValueSet dnOrder="65" id="I2SMCC_INTERRUPT_SRC_TYPE">
          <Values dnOrder="0">
            <Dynamic dnOrder="0" id="core" value="0"/>
          </Values>
        </KeyValueSet>
        <Integer dnOrder="66" id="IAR_HEAP_SIZE">
          <Values dnOrder="0">
            <Dynamic dnOrder="0" id="aria_gfx_pda_tm4301b" value="32768"/>
          </Values>
        </Integer>
        <KeyValueSet dnOrder="67" id="ISI_INTERRUPT_PRIORITY">
          <Values dnOrder="0">
            <Dynamic dnOrder="0" id="core" value="0"/>
          </Values>
        </KeyValueSet>
        <KeyValueSet dnOrder="68" id="ISI_INTERRUPT_SRC_TYPE">
          <Values dnOrder="0">
            <Dynamic dnOrder="0" id="core" value="0"/>
          </Values>
        </KeyValueSet>
        <Boolean dnOrder="69" id="LCDC_CLOCK_ENABLE">
          <Values dnOrder="0">
            <Dynamic dnOrder="0" id="lcdc" value="true"/>
          </Values>
        </Boolean>
        <Integer dnOrder="70" id="LCDC_CLOCK_FREQUENCY">
          <Values dnOrder="0">
            <Dynamic dnOrder="0" id="core" value="200000000"/>
          </Values>
        </Integer>
        <Integer dnOrder="71" id="LCDC_GCLK_FREQUENCY">
          <Values dnOrder="0">
            <Dynamic dnOrder="0" id="core" value="200000000"/>
          </Values>
        </Integer>
        <Boolean dnOrder="72" id="LCDC_INTERRUPT_ENABLE">
          <Values dnOrder="0">
            <Dynamic dnOrder="0" id="lcdc" value="true"/>
          </Values>
        </Boolean>
        <String dnOrder="73" id="LCDC_INTERRUPT_HANDLER">
          <Values dnOrder="0">
            <Dynamic dnOrder="0" id="lcdc" value="LCDC_Interrupt_Handler"/>
          </Values>
        </String>
        <KeyValueSet dnOrder="74" id="LCDC_INTERRUPT_PRIORITY">
          <Values dnOrder="0">
            <Dynamic dnOrder="0" id="core" value="0"/>
          </Values>
        </KeyValueSet>
        <KeyValueSet dnOrder="75" id="LCDC_INTERRUPT_SRC_TYPE">
          <Values dnOrder="0">
            <Dynamic dnOrder="0" id="core" value="0"/>
          </Values>
        </KeyValueSet>
        <KeyValueSet dnOrder="76" id="MATRIX_INTERRUPT_PRIORITY">
          <Values dnOrder="0">
            <Dynamic dnOrder="0" id="core" value="0"/>
          </Values>
        </KeyValueSet>
        <KeyValueSet dnOrder="77" id="MATRIX_INTERRUPT_SRC_TYPE">
          <Values dnOrder="0">
            <Dynamic dnOrder="0" id="core" value="0"/>
          </Values>
        </KeyValueSet>
        <String dnOrder="78" id="MC_INTERRUPT_HANDLER">
          <Values dnOrder="0">
            <Dynamic dnOrder="0" id="core" value="MC_SharedHandler"/>
          </Values>
        </String>
        <KeyValueSet dnOrder="79" id="MC_INTERRUPT_PRIORITY">
          <Values dnOrder="0">
            <Dynamic dnOrder="0" id="core" value="0"/>
          </Values>
        </KeyValueSet>
        <KeyValueSet dnOrder="80" id="MC_INTERRUPT_SRC_TYPE">
          <Values dnOrder="0">
            <Dynamic dnOrder="0" id="core" value="0"/>
          </Values>
        </KeyValueSet>
        <Integer dnOrder="81" id="MC_NUM_SHARES">
          <Values dnOrder="0">
            <Dynamic dnOrder="0" id="core" value="3"/>
          </Values>
        </Integer>
        <Integer dnOrder="82" id="NUM_SHARED_VECTORS">
          <Values dnOrder="0">
            <Dynamic dnOrder="0" id="core" value="3"/>
          </Values>
        </Integer>
        <KeyValueSet dnOrder="83" id="OTPC_INTERRUPT_PRIORITY">
          <Values dnOrder="0">
            <Dynamic dnOrder="0" id="core" value="0"/>
          </Values>
        </KeyValueSet>
        <KeyValueSet dnOrder="84" id="OTPC_INTERRUPT_SRC_TYPE">
          <Values dnOrder="0">
            <Dynamic dnOrder="0" id="core" value="0"/>
          </Values>
        </KeyValueSet>
        <String dnOrder="85" id="PIN_102_FUNCTION_TYPE">
          <Values dnOrder="0">
            <Dynamic dnOrder="0" id="aria_gfx_pda_tm4301b" value="FLEXCOM6_IO1"/>
          </Values>
        </String>
        <String dnOrder="86" id="PIN_102_PERIPHERAL_FUNCTION">
          <Values dnOrder="0">
            <Dynamic dnOrder="0" id="aria_gfx_pda_tm4301b" value="A"/>
          </Values>
        </String>
        <String dnOrder="87" id="PIN_121_FUNCTION_TYPE">
          <Values dnOrder="0">
            <Dynamic dnOrder="0" id="aria_gfx_pda_tm4301b" value="LCDC_LCDDAT15"/>
          </Values>
        </String>
        <String dnOrder="88" id="PIN_121_PERIPHERAL_FUNCTION">
          <Values dnOrder="0">
            <Dynamic dnOrder="0" id="aria_gfx_pda_tm4301b" value="A"/>
          </Values>
        </String>
        <String dnOrder="89" id="PIN_136_FUNCTION_TYPE">
          <Values dnOrder="0">
            <Dynamic dnOrder="0" id="aria_gfx_pda_tm4301b" value="LCDC_LCDDAT17"/>
          </Values>
        </String>
        <String dnOrder="90" id="PIN_136_PERIPHERAL_FUNCTION">
          <Values dnOrder="0">
            <Dynamic dnOrder="0" id="aria_gfx_pda_tm4301b" value="A"/>
          </Values>
        </String>
        <String dnOrder="91" id="PIN_137_FUNCTION_TYPE">
          <Values dnOrder="0">
            <Dynamic dnOrder="0" id="aria_gfx_pda_tm4301b" value="LCDC_LCDDAT23"/>
          </Values>
        </String>
        <String dnOrder="92" id="PIN_137_PERIPHERAL_FUNCTION">
          <Values dnOrder="0">
            <Dynamic dnOrder="0" id="aria_gfx_pda_tm4301b" value="A"/>
          </Values>
        </String>
        <String dnOrder="93" id="PIN_147_FUNCTION_TYPE">
          <Values dnOrder="0">
            <Dynamic dnOrder="0" id="aria_gfx_pda_tm4301b" value="LCDC_LCDDAT4"/>
          </Values>
        </String>
        <String dnOrder="94" id="PIN_147_PERIPHERAL_FUNCTION">
          <Values dnOrder="0">
            <Dynamic dnOrder="0" id="aria_gfx_pda_tm4301b" value="A"/>
          </Values>
        </String>
        <String dnOrder="95" id="PIN_149_FUNCTION_TYPE">
          <Values dnOrder="0">
            <Dynamic dnOrder="0" id="aria_gfx_pda_tm4301b" value="LCDC_LCDDAT13"/>
          </Values>
        </String>
        <String dnOrder="96" id="PIN_149_PERIPHERAL_FUNCTION">
          <Values dnOrder="0">
            <Dynamic dnOrder="0" id="aria_gfx_pda_tm4301b" value="A"/>
          </Values>
        </String>
        <String dnOrder="97" id="PIN_150_FUNCTION_TYPE">
          <Values dnOrder="0">
            <Dynamic dnOrder="0" id="aria_gfx_pda_tm4301b" value="LCDC_LCDDAT19"/>
          </Values>
        </String>
        <String dnOrder="98" id="PIN_150_PERIPHERAL_FUNCTION">
          <Values dnOrder="0">
            <Dynamic dnOrder="0" id="aria_gfx_pda_tm4301b" value="A"/>
          </Values>
        </String>
        <String dnOrder="99" id="PIN_151_DIR">
          <Values dnOrder="0">
            <Dynamic dnOrder="0" id="aria_gfx_pda_tm4301b" value="In"/>
          </Values>
        </String>
        <String dnOrder="100" id="PIN_151_FUNCTION_NAME">
          <Values dnOrder="0">
            <Dynamic dnOrder="0" id="aria_gfx_pda_tm4301b" value="BSP_MAXTOUCH_CHG"/>
          </Values>
        </String>
        <String dnOrder="101" id="PIN_151_FUNCTION_TYPE">
          <Values dnOrder="0">
            <Dynamic dnOrder="0" id="aria_gfx_pda_tm4301b" value="GPIO"/>
          </Values>
        </String>
        <String dnOrder="102" id="PIN_151_LAT">
          <Values dnOrder="0">
            <Dynamic dnOrder="0" id="aria_gfx_pda_tm4301b" value=""/>
          </Values>
        </String>
        <String dnOrder="103" id="PIN_152_FUNCTION_TYPE">
          <Values dnOrder="0">
            <Dynamic dnOrder="0" id="aria_gfx_pda_tm4301b" value="LCDC_LCDDEN"/>
          </Values>
        </String>
        <String dnOrder="104" id="PIN_152_PERIPHERAL_FUNCTION">
          <Values dnOrder="0">
            <Dynamic dnOrder="0" id="aria_gfx_pda_tm4301b" value="A"/>
          </Values>
        </String>
        <String dnOrder="105" id="PIN_162_FUNCTION_TYPE">
          <Values dnOrder="0">
            <Dynamic dnOrder="0" id="aria_gfx_pda_tm4301b" value="LCDC_LCDDAT0"/>
          </Values>
        </String>
        <String dnOrder="106" id="PIN_162_PERIPHERAL_FUNCTION">
          <Values dnOrder="0">
            <Dynamic dnOrder="0" id="aria_gfx_pda_tm4301b" value="A"/>
          </Values>
        </String>
        <String dnOrder="107" id="PIN_163_FUNCTION_TYPE">
          <Values dnOrder="0">
            <Dynamic dnOrder="0" id="aria_gfx_pda_tm4301b" value="LCDC_LCDDAT6"/>
          </Values>
        </String>
        <String dnOrder="108" id="PIN_163_PERIPHERAL_FUNCTION">
          <Values dnOrder="0">
            <Dynamic dnOrder="0" id="aria_gfx_pda_tm4301b" value="A"/>
          </Values>
        </String>
        <String dnOrder="109" id="PIN_165_FUNCTION_TYPE">
          <Values dnOrder="0">
            <Dynamic dnOrder="0" id="aria_gfx_pda_tm4301b" value="LCDC_LCDDAT21"/>
          </Values>
        </String>
        <String dnOrder="110" id="PIN_165_PERIPHERAL_FUNCTION">
          <Values dnOrder="0">
            <Dynamic dnOrder="0" id="aria_gfx_pda_tm4301b" value="A"/>
          </Values>
        </String>
        <String dnOrder="111" id="PIN_166_FUNCTION_TYPE">
          <Values dnOrder="0">
            <Dynamic dnOrder="0" id="aria_gfx_pda_tm4301b" value="LCDC_LCDVSYNC"/>
          </Values>
        </String>
        <String dnOrder="112" id="PIN_166_PERIPHERAL_FUNCTION">
          <Values dnOrder="0">
            <Dynamic dnOrder="0" id="aria_gfx_pda_tm4301b" value="A"/>
          </Values>
        </String>
        <String dnOrder="113" id="PIN_176_FUNCTION_TYPE">
          <Values dnOrder="0">
            <Dynamic dnOrder="0" id="aria_gfx_pda_tm4301b" value="LCDC_LCDDAT2"/>
          </Values>
        </String>
        <String dnOrder="114" id="PIN_176_PERIPHERAL_FUNCTION">
          <Values dnOrder="0">
            <Dynamic dnOrder="0" id="aria_gfx_pda_tm4301b" value="A"/>
          </Values>
        </String>
        <String dnOrder="115" id="PIN_177_FUNCTION_TYPE">
          <Values dnOrder="0">
            <Dynamic dnOrder="0" id="aria_gfx_pda_tm4301b" value="LCDC_LCDDAT11"/>
          </Values>
        </String>
        <String dnOrder="116" id="PIN_177_PERIPHERAL_FUNCTION">
          <Values dnOrder="0">
            <Dynamic dnOrder="0" id="aria_gfx_pda_tm4301b" value="A"/>
          </Values>
        </String>
        <String dnOrder="117" id="PIN_178_FUNCTION_TYPE">
          <Values dnOrder="0">
            <Dynamic dnOrder="0" id="aria_gfx_pda_tm4301b" value="LCDC_LCDDAT8"/>
          </Values>
        </String>
        <String dnOrder="118" id="PIN_178_PERIPHERAL_FUNCTION">
          <Values dnOrder="0">
            <Dynamic dnOrder="0" id="aria_gfx_pda_tm4301b" value="A"/>
          </Values>
        </String>
        <String dnOrder="119" id="PIN_179_FUNCTION_TYPE">
          <Values dnOrder="0">
            <Dynamic dnOrder="0" id="aria_gfx_pda_tm4301b" value="LCDC_LCDHSYNC"/>
          </Values>
        </String>
        <String dnOrder="120" id="PIN_179_PERIPHERAL_FUNCTION">
          <Values dnOrder="0">
            <Dynamic dnOrder="0" id="aria_gfx_pda_tm4301b" value="A"/>
          </Values>
        </String>
        <String dnOrder="121" id="PIN_187_FUNCTION_TYPE">
          <Values dnOrder="0">
            <Dynamic dnOrder="0" id="aria_gfx_pda_tm4301b" value="LCDC_LCDDAT1"/>
          </Values>
        </String>
        <String dnOrder="122" id="PIN_187_PERIPHERAL_FUNCTION">
          <Values dnOrder="0">
            <Dynamic dnOrder="0" id="aria_gfx_pda_tm4301b" value="A"/>
          </Values>
        </String>
        <String dnOrder="123" id="PIN_188_FUNCTION_TYPE">
          <Values dnOrder="0">
            <Dynamic dnOrder="0" id="aria_gfx_pda_tm4301b" value="LCDC_LCDDAT3"/>
          </Values>
        </String>
        <String dnOrder="124" id="PIN_188_PERIPHERAL_FUNCTION">
          <Values dnOrder="0">
            <Dynamic dnOrder="0" id="aria_gfx_pda_tm4301b" value="A"/>
          </Values>
        </String>
        <String dnOrder="125" id="PIN_189_FUNCTION_TYPE">
          <Values dnOrder="0">
            <Dynamic dnOrder="0" id="aria_gfx_pda_tm4301b" value="LCDC_LCDDAT10"/>
          </Values>
        </String>
        <String dnOrder="126" id="PIN_189_PERIPHERAL_FUNCTION">
          <Values dnOrder="0">
            <Dynamic dnOrder="0" id="aria_gfx_pda_tm4301b" value="A"/>
          </Values>
        </String>
        <String dnOrder="127" id="PIN_191_FUNCTION_TYPE">
          <Values dnOrder="0">
            <Dynamic dnOrder="0" id="aria_gfx_pda_tm4301b" value="LCDC_LCDDAT20"/>
          </Values>
        </String>
        <String dnOrder="128" id="PIN_191_PERIPHERAL_FUNCTION">
          <Values dnOrder="0">
            <Dynamic dnOrder="0" id="aria_gfx_pda_tm4301b" value="A"/>
          </Values>
        </String>
        <String dnOrder="129" id="PIN_201_FUNCTION_TYPE">
          <Values dnOrder="0">
            <Dynamic dnOrder="0" id="aria_gfx_pda_tm4301b" value="LCDC_LCDDAT5"/>
          </Values>
        </String>
        <String dnOrder="130" id="PIN_201_PERIPHERAL_FUNCTION">
          <Values dnOrder="0">
            <Dynamic dnOrder="0" id="aria_gfx_pda_tm4301b" value="A"/>
          </Values>
        </String>
        <String dnOrder="131" id="PIN_202_FUNCTION_TYPE">
          <Values dnOrder="0">
            <Dynamic dnOrder="0" id="aria_gfx_pda_tm4301b" value="LCDC_LCDDAT12"/>
          </Values>
        </String>
        <String dnOrder="132" id="PIN_202_PERIPHERAL_FUNCTION">
          <Values dnOrder="0">
            <Dynamic dnOrder="0" id="aria_gfx_pda_tm4301b" value="A"/>
          </Values>
        </String>
        <String dnOrder="133" id="PIN_203_FUNCTION_TYPE">
          <Values dnOrder="0">
            <Dynamic dnOrder="0" id="aria_gfx_pda_tm4301b" value="LCDC_LCDDAT16"/>
          </Values>
        </String>
        <String dnOrder="134" id="PIN_203_PERIPHERAL_FUNCTION">
          <Values dnOrder="0">
            <Dynamic dnOrder="0" id="aria_gfx_pda_tm4301b" value="A"/>
          </Values>
        </String>
        <String dnOrder="135" id="PIN_204_FUNCTION_TYPE">
          <Values dnOrder="0">
            <Dynamic dnOrder="0" id="aria_gfx_pda_tm4301b" value="LCDC_LCDDAT22"/>
          </Values>
        </String>
        <String dnOrder="136" id="PIN_204_PERIPHERAL_FUNCTION">
          <Values dnOrder="0">
            <Dynamic dnOrder="0" id="aria_gfx_pda_tm4301b" value="A"/>
          </Values>
        </String>
        <String dnOrder="137" id="PIN_205_FUNCTION_TYPE">
          <Values dnOrder="0">
            <Dynamic dnOrder="0" id="aria_gfx_pda_tm4301b" value="LCDC_LCDDISP"/>
          </Values>
        </String>
        <String dnOrder="138" id="PIN_205_PERIPHERAL_FUNCTION">
          <Values dnOrder="0">
            <Dynamic dnOrder="0" id="aria_gfx_pda_tm4301b" value="A"/>
          </Values>
        </String>
        <String dnOrder="139" id="PIN_215_FUNCTION_TYPE">
          <Values dnOrder="0">
            <Dynamic dnOrder="0" id="aria_gfx_pda_tm4301b" value="LCDC_LCDDAT7"/>
          </Values>
        </String>
        <String dnOrder="140" id="PIN_215_PERIPHERAL_FUNCTION">
          <Values dnOrder="0">
            <Dynamic dnOrder="0" id="aria_gfx_pda_tm4301b" value="A"/>
          </Values>
        </String>
        <String dnOrder="141" id="PIN_216_FUNCTION_TYPE">
          <Values dnOrder="0">
            <Dynamic dnOrder="0" id="aria_gfx_pda_tm4301b" value="LCDC_LCDDAT9"/>
          </Values>
        </String>
        <String dnOrder="142" id="PIN_216_PERIPHERAL_FUNCTION">
          <Values dnOrder="0">
            <Dynamic dnOrder="0" id="aria_gfx_pda_tm4301b" value="A"/>
          </Values>
        </String>
        <String dnOrder="143" id="PIN_217_FUNCTION_TYPE">
          <Values dnOrder="0">
            <Dynamic dnOrder="0" id="aria_gfx_pda_tm4301b" value="LCDC_LCDDAT14"/>
          </Values>
        </String>
        <String dnOrder="144" id="PIN_217_PERIPHERAL_FUNCTION">
          <Values dnOrder="0">
            <Dynamic dnOrder="0" id="aria_gfx_pda_tm4301b" value="A"/>
          </Values>
        </String>
        <String dnOrder="145" id="PIN_218_FUNCTION_TYPE">
          <Values dnOrder="0">
            <Dynamic dnOrder="0" id="aria_gfx_pda_tm4301b" value="LCDC_LCDDAT18"/>
          </Values>
        </String>
        <String dnOrder="146" id="PIN_218_PERIPHERAL_FUNCTION">
          <Values dnOrder="0">
            <Dynamic dnOrder="0" id="aria_gfx_pda_tm4301b" value="A"/>
          </Values>
        </String>
        <String dnOrder="147" id="PIN_219_FUNCTION_TYPE">
          <Values dnOrder="0">
            <Dynamic dnOrder="0" id="aria_gfx_pda_tm4301b" value="LCDC_LCDPCK"/>
          </Values>
        </String>
        <String dnOrder="148" id="PIN_219_PERIPHERAL_FUNCTION">
          <Values dnOrder="0">
            <Dynamic dnOrder="0" id="aria_gfx_pda_tm4301b" value="A"/>
          </Values>
        </String>
        <String dnOrder="149" id="PIN_220_FUNCTION_TYPE">
          <Values dnOrder="0">
            <Dynamic dnOrder="0" id="aria_gfx_pda_tm4301b" value="LCDC_LCDPWM"/>
          </Values>
        </String>
        <String dnOrder="150" id="PIN_220_PERIPHERAL_FUNCTION">
          <Values dnOrder="0">
            <Dynamic dnOrder="0" id="aria_gfx_pda_tm4301b" value="A"/>
          </Values>
        </String>
        <String dnOrder="151" id="PIN_88_FUNCTION_TYPE">
          <Values dnOrder="0">
            <Dynamic dnOrder="0" id="aria_gfx_pda_tm4301b" value="FLEXCOM6_IO0"/>
          </Values>
        </String>
        <String dnOrder="152" id="PIN_88_PERIPHERAL_FUNCTION">
          <Values dnOrder="0">
            <Dynamic dnOrder="0" id="aria_gfx_pda_tm4301b" value="A"/>
          </Values>
        </String>
        <Hex dnOrder="153" id="PIOA_ABCDSR1_VALUE">
          <Values dnOrder="0">
            <Dynamic dnOrder="0" id="core" value="0"/>
          </Values>
        </Hex>
        <Hex dnOrder="154" id="PIOA_ABCDSR2_VALUE">
          <Values dnOrder="0">
            <Dynamic dnOrder="0" id="core" value="0"/>
          </Values>
        </Hex>
        <Boolean dnOrder="155" id="PIOA_CLOCK_ENABLE">
          <Values dnOrder="0">
            <Dynamic dnOrder="0" id="core" value="true"/>
          </Values>
        </Boolean>
        <KeyValueSet dnOrder="156" id="PIOA_INTERRUPT_PRIORITY">
          <Values dnOrder="0">
            <Dynamic dnOrder="0" id="core" value="0"/>
          </Values>
        </KeyValueSet>
        <KeyValueSet dnOrder="157" id="PIOA_INTERRUPT_SRC_TYPE">
          <Values dnOrder="0">
            <Dynamic dnOrder="0" id="core" value="0"/>
          </Values>
        </KeyValueSet>
        <Hex dnOrder="158" id="PIOA_PDR_VALUE">
          <Values dnOrder="0">
            <Dynamic dnOrder="0" id="core" value="3221225472"/>
          </Values>
        </Hex>
        <Boolean dnOrder="159" id="PIOB_CLOCK_ENABLE">
          <Values dnOrder="0">
            <Dynamic dnOrder="0" id="core" value="true"/>
          </Values>
        </Boolean>
        <KeyValueSet dnOrder="160" id="PIOB_INTERRUPT_PRIORITY">
          <Values dnOrder="0">
            <Dynamic dnOrder="0" id="core" value="0"/>
          </Values>
        </KeyValueSet>
        <KeyValueSet dnOrder="161" id="PIOB_INTERRUPT_SRC_TYPE">
          <Values dnOrder="0">
            <Dynamic dnOrder="0" id="core" value="0"/>
          </Values>
        </KeyValueSet>
        <Hex dnOrder="162" id="PIOB_OER_VALUE">
          <Values dnOrder="0">
            <Dynamic dnOrder="0" id="core" value="14336"/>
          </Values>
        </Hex>
        <Hex dnOrder="163" id="PIOB_SODR_VALUE">
          <Values dnOrder="0">
            <Dynamic dnOrder="0" id="core" value="0"/>
          </Values>
        </Hex>
        <Hex dnOrder="164" id="PIOC_ABCDSR1_VALUE">
          <Values dnOrder="0">
            <Dynamic dnOrder="0" id="core" value="0"/>
          </Values>
        </Hex>
        <Hex dnOrder="165" id="PIOC_ABCDSR2_VALUE">
          <Values dnOrder="0">
            <Dynamic dnOrder="0" id="core" value="0"/>
          </Values>
        </Hex>
        <Boolean dnOrder="166" id="PIOC_CLOCK_ENABLE">
          <Values dnOrder="0">
            <Dynamic dnOrder="0" id="core" value="true"/>
          </Values>
        </Boolean>
        <KeyValueSet dnOrder="167" id="PIOC_INTERRUPT_PRIORITY">
          <Values dnOrder="0">
            <Dynamic dnOrder="0" id="core" value="0"/>
          </Values>
        </KeyValueSet>
        <KeyValueSet dnOrder="168" id="PIOC_INTERRUPT_SRC_TYPE">
          <Values dnOrder="0">
            <Dynamic dnOrder="0" id="core" value="0"/>
          </Values>
        </KeyValueSet>
        <Hex dnOrder="169" id="PIOC_OER_VALUE">
          <Values dnOrder="0">
            <Dynamic dnOrder="0" id="core" value="0"/>
          </Values>
        </Hex>
        <Hex dnOrder="170" id="PIOC_PDR_VALUE">
          <Values dnOrder="0">
            <Dynamic dnOrder="0" id="core" value="2113929215"/>
          </Values>
        </Hex>
        <Hex dnOrder="171" id="PIOC_SODR_VALUE">
          <Values dnOrder="0">
            <Dynamic dnOrder="0" id="core" value="0"/>
          </Values>
        </Hex>
        <Boolean dnOrder="172" id="PIOD_CLOCK_ENABLE">
          <Values dnOrder="0">
            <Dynamic dnOrder="0" id="core" value="true"/>
          </Values>
        </Boolean>
        <KeyValueSet dnOrder="173" id="PIOD_INTERRUPT_PRIORITY">
          <Values dnOrder="0">
            <Dynamic dnOrder="0" id="core" value="0"/>
          </Values>
        </KeyValueSet>
        <KeyValueSet dnOrder="174" id="PIOD_INTERRUPT_SRC_TYPE">
          <Values dnOrder="0">
            <Dynamic dnOrder="0" id="core" value="0"/>
          </Values>
        </KeyValueSet>
        <Hex dnOrder="175" id="PIOD_OER_VALUE">
          <Values dnOrder="0">
            <Dynamic dnOrder="0" id="core" value="0"/>
          </Values>
        </Hex>
        <Hex dnOrder="176" id="PIOD_PUER_VALUE">
          <Values dnOrder="0">
            <Dynamic dnOrder="0" id="core" value="262144"/>
          </Values>
        </Hex>
        <KeyValueSet dnOrder="177" id="PIT64B_INTERRUPT_PRIORITY">
          <Values dnOrder="0">
            <Dynamic dnOrder="0" id="core" value="0"/>
          </Values>
        </KeyValueSet>
        <KeyValueSet dnOrder="178" id="PIT64B_INTERRUPT_SRC_TYPE">
          <Values dnOrder="0">
            <Dynamic dnOrder="0" id="core" value="0"/>
          </Values>
        </KeyValueSet>
        <KeyValueSet dnOrder="179" id="PWM_INTERRUPT_PRIORITY">
          <Values dnOrder="0">
            <Dynamic dnOrder="0" id="core" value="0"/>
          </Values>
        </KeyValueSet>
        <KeyValueSet dnOrder="180" id="PWM_INTERRUPT_SRC_TYPE">
          <Values dnOrder="0">
            <Dynamic dnOrder="0" id="core" value="0"/>
          </Values>
        </KeyValueSet>
        <KeyValueSet dnOrder="181" id="QSPI_INTERRUPT_PRIORITY">
          <Values dnOrder="0">
            <Dynamic dnOrder="0" id="core" value="0"/>
          </Values>
        </KeyValueSet>
        <KeyValueSet dnOrder="182" id="QSPI_INTERRUPT_SRC_TYPE">
          <Values dnOrder="0">
            <Dynamic dnOrder="0" id="core" value="0"/>
          </Values>
        </KeyValueSet>
        <KeyValueSet dnOrder="183" id="SDMMC0_INTERRUPT_PRIORITY">
          <Values dnOrder="0">
            <Dynamic dnOrder="0" id="core" value="0"/>
          </Values>
        </KeyValueSet>
        <KeyValueSet dnOrder="184" id="SDMMC0_INTERRUPT_SRC_TYPE">
          <Values dnOrder="0">
            <Dynamic dnOrder="0" id="core" value="0"/>
          </Values>
        </KeyValueSet>
        <KeyValueSet dnOrder="185" id="SDMMC1_INTERRUPT_PRIORITY">
          <Values dnOrder="0">
            <Dynamic dnOrder="0" id="core" value="0"/>
          </Values>
        </KeyValueSet>
        <KeyValueSet dnOrder="186" id="SDMMC1_INTERRUPT_SRC_TYPE">
          <Values dnOrder="0">
            <Dynamic dnOrder="0" id="core" value="0"/>
          </Values>
        </KeyValueSet>
        <Boolean dnOrder="187" id="SECURE_TO_NONSECURE_REDIRECTION">
          <Values dnOrder="0">
            <Dynamic dnOrder="0" id="core" value="true"/>
          </Values>
        </Boolean>
        <KeyValueSet dnOrder="188" id="SHA_INTERRUPT_PRIORITY">
          <Values dnOrder="0">
            <Dynamic dnOrder="0" id="core" value="0"/>
          </Values>
        </KeyValueSet>
        <KeyValueSet dnOrder="189" id="SHA_INTERRUPT_SRC_TYPE">
          <Values dnOrder="0">
            <Dynamic dnOrder="0" id="core" value="0"/>
          </Values>
        </KeyValueSet>
        <KeyValueSet dnOrder="190" id="SSC_INTERRUPT_PRIORITY">
          <Values dnOrder="0">
            <Dynamic dnOrder="0" id="core" value="0"/>
          </Values>
        </KeyValueSet>
        <KeyValueSet dnOrder="191" id="SSC_INTERRUPT_SRC_TYPE">
          <Values dnOrder="0">
            <Dynamic dnOrder="0" id="core" value="0"/>
          </Values>
        </KeyValueSet>
        <Boolean dnOrder="192" id="SYSC_INTERRUPT_ENABLE">
          <Values dnOrder="0">
            <Dynamic dnOrder="0" id="core" value="false"/>
          </Values>
        </Boolean>
        <String dnOrder="193" id="SYSC_INTERRUPT_HANDLER">
          <Values dnOrder="0">
            <Dynamic dnOrder="0" id="core" value="SYSC_SharedHandler"/>
          </Values>
        </String>
        <KeyValueSet dnOrder="194" id="SYSC_INTERRUPT_PRIORITY">
          <Values dnOrder="0">
            <Dynamic dnOrder="0" id="core" value="0"/>
          </Values>
        </KeyValueSet>
        <KeyValueSet dnOrder="195" id="SYSC_INTERRUPT_SRC_TYPE">
          <Values dnOrder="0">
            <Dynamic dnOrder="0" id="core" value="0"/>
          </Values>
        </KeyValueSet>
        <Integer dnOrder="196" id="SYSC_NUM_SHARES">
          <Values dnOrder="0">
            <Dynamic dnOrder="0" id="core" value="6"/>
          </Values>
        </Integer>
        <Integer dnOrder="197" id="TC0_CH0_CLOCK_FREQUENCY">
          <Values dnOrder="0">
            <Dynamic dnOrder="0" id="core" value="200000000"/>
          </Values>
        </Integer>
        <Integer dnOrder="198" id="TC0_CH3_CLOCK_FREQUENCY">
          <Values dnOrder="0">
            <Dynamic dnOrder="0" id="core" value="200000000"/>
          </Values>
        </Integer>
        <Boolean dnOrder="199" id="TC0_CHANNEL0_CLOCK_ENABLE">
          <Values dnOrder="0">
            <Dynamic dnOrder="0" id="tc0" value="true"/>
          </Values>
        </Boolean>
        <Boolean dnOrder="200" id="TC0_CHANNEL1_CLOCK_ENABLE">
          <Values dnOrder="0">
            <Dynamic dnOrder="0" id="tc0" value="false"/>
          </Values>
        </Boolean>
        <Boolean dnOrder="201" id="TC0_CHANNEL2_CLOCK_ENABLE">
          <Values dnOrder="0">
            <Dynamic dnOrder="0" id="tc0" value="false"/>
          </Values>
        </Boolean>
        <Boolean dnOrder="202" id="TC0_CLOCK_ENABLE">
          <Values dnOrder="0">
            <Dynamic dnOrder="0" id="core" value="true"/>
          </Values>
        </Boolean>
        <Boolean dnOrder="203" id="TC0_INTERRUPT_ENABLE">
          <Values dnOrder="0">
            <Dynamic dnOrder="0" id="tc0" value="true"/>
          </Values>
        </Boolean>
        <String dnOrder="204" id="TC0_INTERRUPT_HANDLER">
          <Values dnOrder="0">
            <Dynamic dnOrder="0" id="tc0" value="TC0_InterruptHandler"/>
          </Values>
        </String>
        <Boolean dnOrder="205" id="TC0_INTERRUPT_HANDLER_LOCK">
          <Values dnOrder="0">
            <Dynamic dnOrder="0" id="tc0" value="true"/>
          </Values>
        </Boolean>
        <KeyValueSet dnOrder="206" id="TC0_INTERRUPT_PRIORITY">
          <Values dnOrder="0">
            <Dynamic dnOrder="0" id="core" value="0"/>
          </Values>
        </KeyValueSet>
        <KeyValueSet dnOrder="207" id="TC0_INTERRUPT_SRC_TYPE">
          <Values dnOrder="0">
            <Dynamic dnOrder="0" id="core" value="0"/>
          </Values>
        </KeyValueSet>
        <KeyValueSet dnOrder="208" id="TC1_INTERRUPT_PRIORITY">
          <Values dnOrder="0">
            <Dynamic dnOrder="0" id="core" value="0"/>
          </Values>
        </KeyValueSet>
        <KeyValueSet dnOrder="209" id="TC1_INTERRUPT_SRC_TYPE">
          <Values dnOrder="0">
            <Dynamic dnOrder="0" id="core" value="0"/>
          </Values>
        </KeyValueSet>
        <KeyValueSet dnOrder="210" id="TDES_INTERRUPT_PRIORITY">
          <Values dnOrder="0">
            <Dynamic dnOrder="0" id="core" value="0"/>
          </Values>
        </KeyValueSet>
        <KeyValueSet dnOrder="211" id="TDES_INTERRUPT_SRC_TYPE">
          <Values dnOrder="0">
            <Dynamic dnOrder="0" id="core" value="0"/>
          </Values>
        </KeyValueSet>
        <KeyValueSet dnOrder="212" id="TRNG_INTERRUPT_PRIORITY">
          <Values dnOrder="0">
            <Dynamic dnOrder="0" id="core" value="0"/>
          </Values>
        </KeyValueSet>
        <KeyValueSet dnOrder="213" id="TRNG_INTERRUPT_SRC_TYPE">
          <Values dnOrder="0">
            <Dynamic dnOrder="0" id="core" value="0"/>
          </Values>
        </KeyValueSet>
        <KeyValueSet dnOrder="214" id="UDPHS_INTERRUPT_PRIORITY">
          <Values dnOrder="0">
            <Dynamic dnOrder="0" id="core" value="0"/>
          </Values>
        </KeyValueSet>
        <KeyValueSet dnOrder="215" id="UDPHS_INTERRUPT_SRC_TYPE">
          <Values dnOrder="0">
            <Dynamic dnOrder="0" id="core" value="0"/>
          </Values>
        </KeyValueSet>
        <KeyValueSet dnOrder="216" id="UHPHS_INTERRUPT_PRIORITY">
          <Values dnOrder="0">
            <Dynamic dnOrder="0" id="core" value="0"/>
          </Values>
        </KeyValueSet>
        <KeyValueSet dnOrder="217" id="UHPHS_INTERRUPT_SRC_TYPE">
          <Values dnOrder="0">
            <Dynamic dnOrder="0" id="core" value="0"/>
          </Values>
        </KeyValueSet>
        <KeyValueSet dnOrder="218" id="WDT_EARLY_RESET_ACTION">
          <Values dnOrder="0">
            <Dynamic dnOrder="0" id="core" value="0"/>
          </Values>
        </KeyValueSet>
        <Integer dnOrder="219" id="WDT_EARLY_RESET_THRESHOLD_COUNT">
          <Attributes dnOrder="0">
            <Integer dnOrder="0" id="max">
              <Value dnOrder="0">3749</Value>
            </Integer>
          </Attributes>
        </Integer>
        <Integer dnOrder="220" id="WDT_EARLY_RESET_THRESHOLD_MILLISECONDS">
          <Values dnOrder="0">
            <Dynamic dnOrder="0" id="core" value="1000"/>
          </Values>
        </Integer>
        <Boolean dnOrder="221" id="WDT_INTERRUPT_ENABLE">
          <Values dnOrder="0">
            <Dynamic dnOrder="0" id="core" value="false"/>
          </Values>
        </Boolean>
        <String dnOrder="222" id="WDT_INTERRUPT_HANDLER">
          <Values dnOrder="0">
            <Dynamic dnOrder="0" id="core" value="WDT_Handler"/>
          </Values>
        </String>
        <Boolean dnOrder="223" id="WDT_INTERRUPT_HANDLER_LOCK">
          <Values dnOrder="0">
            <Dynamic dnOrder="0" id="core" value="false"/>
          </Values>
        </Boolean>
        <KeyValueSet dnOrder="224" id="WDT_LEVEL_EXPIRATION">
          <Values dnOrder="0">
            <Dynamic dnOrder="0" id="core" value="0"/>
          </Values>
        </KeyValueSet>
        <Integer dnOrder="225" id="WDT_LEVEL_THRESHOLD_COUNT">
          <Attributes dnOrder="0">
            <Integer dnOrder="0" id="max">
              <Value dnOrder="0">3999</Value>
            </Integer>
          </Attributes>
        </Integer>
        <Integer dnOrder="226" id="WDT_LEVEL_THRESHOLD_MILLISECONDS">
          <Values dnOrder="0">
            <Dynamic dnOrder="0" id="core" value="15000"/>
          </Values>
        </Integer>
        <Integer dnOrder="227" id="WDT_PERIOD_COUNT">
          <Values dnOrder="0">
            <Dynamic dnOrder="0" id="core" value="4000"/>
          </Values>
        </Integer>
        <KeyValueSet dnOrder="228" id="WDT_PERIOD_EXPIRATION">
          <Values dnOrder="0">
            <Dynamic dnOrder="0" id="core" value="0"/>
          </Values>
        </KeyValueSet>
        <Integer dnOrder="229" id="WDT_PERIOD_MILLISECONDS">
          <Values dnOrder="0">
            <Dynamic dnOrder="0" id="core" value="16000"/>
          </Values>
        </Integer>
        <Setting dnOrder="230" id="XC32_HEAP">
          <Attributes dnOrder="0">
            <String dnOrder="0" id="value">
              <Value dnOrder="0">16384</Value>
            </String>
          </Attributes>
        </Setting>
        <Integer dnOrder="231" id="XC32_HEAP_SIZE">
          <Values dnOrder="0">
            <Dynamic dnOrder="0" id="aria_gfx_library" value="16384"/>
          </Values>
        </Integer>
        <KeyValueSet dnOrder="232" id="XDMAC_INTERRUPT_PRIORITY">
          <Values dnOrder="0">
            <Dynamic dnOrder="0" id="core" value="0"/>
          </Values>
        </KeyValueSet>
        <KeyValueSet dnOrder="233" id="XDMAC_INTERRUPT_SRC_TYPE">
          <Values dnOrder="0">
            <Dynamic dnOrder="0" id="core" value="0"/>
          </Values>
        </KeyValueSet>
      </Symbols>
    </UniqueComponent>
    <UniqueComponent dnOrder="4" id="dfp"/>
    <GeneratorComponent dnOrder="5" id="drv_i2c">
      <Symbols dnOrder="0">
        <Combo dnOrder="0" id="DRV_I2C_MODE">
          <Values dnOrder="0">
            <Dynamic dnOrder="0" id="drv_i2c" value="Asynchronous"/>
          </Values>
        </Combo>
      </Symbols>
      <Instances dnOrder="1">
        <InstanceComponent dnOrder="0" id="drv_i2c" instance="0">
          <Symbols dnOrder="0">
            <String dnOrder="0" id="DRV_I2C_PLIB">
              <Values dnOrder="0">
                <Dynamic dnOrder="0" id="drv_i2c_0" value="FLEXCOM6"/>
              </Values>
            </String>
          </Symbols>
          <Attachments dnOrder="1">
            <DirectCapability dnOrder="0" id="drv_i2c">
              <Attributes dnOrder="0">
                <String dnOrder="0" id="targetComponentID">
                  <Value dnOrder="0">gfx_maxtouch_controller</Value>
                </String>
                <String dnOrder="1" id="targetAttachmentID">
                  <Value dnOrder="0">i2c</Value>
                </String>
              </Attributes>
            </DirectCapability>
            <DirectDependency dnOrder="1" id="drv_i2c_I2C_dependency">
              <Attributes dnOrder="0">
                <String dnOrder="0" id="targetComponentID">
                  <Value dnOrder="0">flexcom6</Value>
                </String>
                <String dnOrder="1" id="targetAttachmentID">
                  <Value dnOrder="0">FLEXCOM6_I2C</Value>
                </String>
              </Attributes>
            </DirectDependency>
          </Attachments>
        </InstanceComponent>
      </Instances>
    </GeneratorComponent>
    <UniqueComponent dnOrder="6" id="flexcom6">
      <Symbols dnOrder="0">
        <File dnOrder="0" id="FLEXCOM6_COMMON_HEADER">
          <Attributes dnOrder="0">
            <String dnOrder="0" id="dest">
              <Value dnOrder="0">/peripheral/flexcom/twi/</Value>
            </String>
            <String dnOrder="1" id="name">
              <Value dnOrder="0">plib_flexcom_twi_master.h</Value>
            </String>
            <String dnOrder="2" id="project">
              <Value dnOrder="0">config/lcdc_rgba8888_mxt_9x60_xc32_wqvga/peripheral/flexcom/twi/</Value>
            </String>
            <String dnOrder="3" id="source">
              <Value dnOrder="0">../peripheral/flexcom_11268/templates/plib_flexcom_twi_master.h</Value>
            </String>
            <String dnOrder="4" id="type">
              <Value dnOrder="0">HEADER</Value>
            </String>
          </Attributes>
        </File>
        <File dnOrder="1" id="FLEXCOM6_HEADER">
          <Attributes dnOrder="0">
            <String dnOrder="0" id="dest">
              <Value dnOrder="0">/peripheral/flexcom/twi/</Value>
            </String>
            <String dnOrder="1" id="name">
              <Value dnOrder="0">plib_flexcom6_twi.h</Value>
            </String>
            <String dnOrder="2" id="project">
              <Value dnOrder="0">config/lcdc_rgba8888_mxt_9x60_xc32_wqvga/peripheral/flexcom/twi/</Value>
            </String>
            <String dnOrder="3" id="source">
              <Value dnOrder="0">../peripheral/flexcom_11268/templates/plib_flexcom_twi.h.ftl</Value>
            </String>
            <String dnOrder="4" id="type">
              <Value dnOrder="0">HEADER</Value>
            </String>
          </Attributes>
        </File>
        <File dnOrder="2" id="FLEXCOM6_SOURCE">
          <Attributes dnOrder="0">
            <String dnOrder="0" id="dest">
              <Value dnOrder="0">/peripheral/flexcom/twi/</Value>
            </String>
            <String dnOrder="1" id="name">
              <Value dnOrder="0">plib_flexcom6_twi.c</Value>
            </String>
            <String dnOrder="2" id="project">
              <Value dnOrder="0">config/lcdc_rgba8888_mxt_9x60_xc32_wqvga/peripheral/flexcom/twi/</Value>
            </String>
            <String dnOrder="3" id="source">
              <Value dnOrder="0">../peripheral/flexcom_11268/templates/plib_flexcom_twi.c.ftl</Value>
            </String>
          </Attributes>
        </File>
        <KeyValueSet dnOrder="3" id="FLEXCOM_MODE">
          <Values dnOrder="0">
            <Dynamic dnOrder="0" id="flexcom6" value="2"/>
          </Values>
        </KeyValueSet>
        <Integer dnOrder="4" id="FLEXCOM_SPI_BAUD_RATE">
          <Attributes dnOrder="0">
            <Boolean dnOrder="0" id="visible">
              <Value dnOrder="0">false</Value>
            </Boolean>
          </Attributes>
        </Integer>
        <Comment dnOrder="5" id="FLEXCOM_SPI_CLOCK_MODE_COMMENT">
          <Attributes dnOrder="0">
            <Boolean dnOrder="0" id="visible">
              <Value dnOrder="0">false</Value>
            </Boolean>
          </Attributes>
        </Comment>
        <KeyValueSet dnOrder="6" id="FLEXCOM_SPI_CSR_BITS">
          <Attributes dnOrder="0">
            <Boolean dnOrder="0" id="visible">
              <Value dnOrder="0">false</Value>
            </Boolean>
          </Attributes>
        </KeyValueSet>
        <KeyValueSet dnOrder="7" id="FLEXCOM_SPI_CSR_CPOL">
          <Attributes dnOrder="0">
            <Boolean dnOrder="0" id="visible">
              <Value dnOrder="0">false</Value>
            </Boolean>
          </Attributes>
        </KeyValueSet>
        <Integer dnOrder="8" id="FLEXCOM_SPI_CSR_INDEX">
          <Values dnOrder="0">
            <Dynamic dnOrder="0" id="flexcom6" value="0"/>
          </Values>
        </Integer>
        <KeyValueSet dnOrder="9" id="FLEXCOM_SPI_CSR_NCPHA">
          <Attributes dnOrder="0">
            <Boolean dnOrder="0" id="visible">
              <Value dnOrder="0">false</Value>
            </Boolean>
          </Attributes>
        </KeyValueSet>
        <Integer dnOrder="10" id="FLEXCOM_SPI_CSR_SCBR_VALUE">
          <Values dnOrder="0">
            <Dynamic dnOrder="0" id="flexcom6" value="200"/>
          </Values>
        </Integer>
        <Hex dnOrder="11" id="FLEXCOM_SPI_DUMMY_DATA">
          <Attributes dnOrder="0">
            <Long dnOrder="0" id="max">
              <Value dnOrder="0">255</Value>
            </Long>
          </Attributes>
          <Values dnOrder="1">
            <Dynamic dnOrder="0" id="flexcom6" value="255"/>
          </Values>
        </Hex>
        <KeyValueSet dnOrder="12" id="FLEXCOM_SPI_MR_BRSRCCLK">
          <Attributes dnOrder="0">
            <Boolean dnOrder="0" id="visible">
              <Value dnOrder="0">false</Value>
            </Boolean>
          </Attributes>
        </KeyValueSet>
        <Combo dnOrder="13" id="FLEXCOM_SPI_MR_MSTR">
          <Attributes dnOrder="0">
            <Boolean dnOrder="0" id="visible">
              <Value dnOrder="0">false</Value>
            </Boolean>
          </Attributes>
        </Combo>
        <KeyValueSet dnOrder="14" id="FLEXCOM_SPI_MR_PCS">
          <Attributes dnOrder="0">
            <Boolean dnOrder="0" id="visible">
              <Value dnOrder="0">false</Value>
            </Boolean>
          </Attributes>
        </KeyValueSet>
        <Integer dnOrder="15" id="FLEXCOM_SPI_PERIPHERAL_CLOCK">
          <Values dnOrder="0">
            <Dynamic dnOrder="0" id="flexcom6" value="200000000"/>
          </Values>
        </Integer>
        <File dnOrder="16" id="FLEXCOM_SYS_DEF">
          <Attributes dnOrder="0">
            <String dnOrder="0" id="name">
              <Value dnOrder="0">core.LIST_SYSTEM_DEFINITIONS_H_INCLUDES</Value>
            </String>
            <String dnOrder="1" id="source">
              <Value dnOrder="0">../peripheral/flexcom_11268/templates/system/definitions.h.ftl</Value>
            </String>
            <String dnOrder="2" id="type">
              <Value dnOrder="0">STRING</Value>
            </String>
          </Attributes>
        </File>
        <File dnOrder="17" id="FLEXCOM_SYS_INIT">
          <Attributes dnOrder="0">
            <String dnOrder="0" id="name">
              <Value dnOrder="0">core.LIST_SYSTEM_INIT_C_SYS_INITIALIZE_PERIPHERALS</Value>
            </String>
            <String dnOrder="1" id="source">
              <Value dnOrder="0">../peripheral/flexcom_11268/templates/system/initialization.c.ftl</Value>
            </String>
            <String dnOrder="2" id="type">
              <Value dnOrder="0">STRING</Value>
            </String>
          </Attributes>
        </File>
        <Integer dnOrder="18" id="FLEXCOM_TWI_CLK_SRC_FREQ">
          <Values dnOrder="0">
            <Dynamic dnOrder="0" id="flexcom6" value="200000000"/>
          </Values>
        </Integer>
        <KeyValueSet dnOrder="19" id="FLEXCOM_TWI_CWGR_BRSRCCLK">
          <Attributes dnOrder="0">
            <Boolean dnOrder="0" id="visible">
              <Value dnOrder="0">true</Value>
            </Boolean>
          </Attributes>
        </KeyValueSet>
        <Integer dnOrder="20" id="FLEXCOM_TWI_CWGR_CHDIV">
          <Values dnOrder="0">
            <Dynamic dnOrder="0" id="flexcom6" value="247"/>
          </Values>
        </Integer>
        <Integer dnOrder="21" id="FLEXCOM_TWI_CWGR_CKDIV">
          <Values dnOrder="0">
            <Dynamic dnOrder="0" id="flexcom6" value="0"/>
          </Values>
        </Integer>
        <Integer dnOrder="22" id="FLEXCOM_TWI_CWGR_CLDIV">
          <Values dnOrder="0">
            <Dynamic dnOrder="0" id="flexcom6" value="247"/>
          </Values>
        </Integer>
        <Combo dnOrder="23" id="FLEXCOM_TWI_OPMODE">
          <Attributes dnOrder="0">
            <Boolean dnOrder="0" id="visible">
              <Value dnOrder="0">true</Value>
            </Boolean>
          </Attributes>
        </Combo>
        <Integer dnOrder="24" id="FLEX_USART_CLOCK_FREQ">
          <Values dnOrder="0">
            <Dynamic dnOrder="0" id="flexcom6" value="200000000"/>
          </Values>
        </Integer>
        <Integer dnOrder="25" id="I2C_CLOCK_SPEED">
          <Attributes dnOrder="0">
            <Boolean dnOrder="0" id="visible">
              <Value dnOrder="0">true</Value>
            </Boolean>
          </Attributes>
        </Integer>
        <String dnOrder="26" id="RECEIVE_DATA_REGISTER">
          <Values dnOrder="0">
            <Dynamic dnOrder="0" id="flexcom6" value="&amp;(FLEXCOM6_REGS-&gt;FLEX_TWI_RHR)"/>
          </Values>
        </String>
        <Boolean dnOrder="27" id="SPI_INTERRUPT_MODE">
          <Attributes dnOrder="0">
            <Boolean dnOrder="0" id="visible">
              <Value dnOrder="0">false</Value>
            </Boolean>
          </Attributes>
        </Boolean>
        <String dnOrder="28" id="TRANSMIT_DATA_REGISTER">
          <Values dnOrder="0">
            <Dynamic dnOrder="0" id="flexcom6" value="&amp;(FLEXCOM6_REGS-&gt;FLEX_TWI_THR)"/>
          </Values>
        </String>
        <Boolean dnOrder="29" id="TWI_INTERRUPT_MODE">
          <Attributes dnOrder="0">
            <Boolean dnOrder="0" id="visible">
              <Value dnOrder="0">true</Value>
            </Boolean>
          </Attributes>
        </Boolean>
      </Symbols>
      <Attachments dnOrder="1">
        <DirectCapability dnOrder="0" id="FLEXCOM6_I2C">
          <Attributes dnOrder="0">
            <String dnOrder="0" id="targetComponentID">
              <Value dnOrder="0">drv_i2c_0</Value>
            </String>
            <String dnOrder="1" id="targetAttachmentID">
              <Value dnOrder="0">drv_i2c_I2C_dependency</Value>
            </String>
          </Attributes>
        </DirectCapability>
      </Attachments>
    </UniqueComponent>
    <UniqueComponent dnOrder="7" id="gfx_disp_pdatm4301b_480x272">
      <Attachments dnOrder="0">
        <DirectCapability dnOrder="0" id="gfx_display">
          <Attributes dnOrder="0">
            <String dnOrder="0" id="targetComponentID">
              <Value dnOrder="0">gfx_hal</Value>
            </String>
            <String dnOrder="1" id="targetAttachmentID">
              <Value dnOrder="0">gfx_display</Value>
            </String>
          </Attributes>
        </DirectCapability>
        <DirectCapability dnOrder="1" id="touch_panel">
          <Attributes dnOrder="0">
            <String dnOrder="0" id="targetComponentID">
              <Value dnOrder="0">gfx_maxtouch_controller</Value>
            </String>
            <String dnOrder="1" id="targetAttachmentID">
              <Value dnOrder="0">touch_panel</Value>
            </String>
          </Attributes>
        </DirectCapability>
      </Attachments>
    </UniqueComponent>
    <UniqueComponent dnOrder="8" id="gfx_driver_lcdc">
      <Symbols dnOrder="0">
        <Boolean dnOrder="0" id="HALConnected">
          <Values dnOrder="0">
            <Dynamic dnOrder="0" id="gfx_hal" value="true"/>
          </Values>
        </Boolean>
        <Integer dnOrder="1" id="PixelClock">
          <Values dnOrder="0">
            <Dynamic dnOrder="0" id="aria_gfx_pda_tm4301b" value="25000000"/>
          </Values>
        </Integer>
        <Integer dnOrder="2" id="TotalNumLayers">
          <Values dnOrder="0">
            <Dynamic dnOrder="0" id="gfx_driver_lcdc" value="3"/>
          </Values>
        </Integer>
      </Symbols>
      <Attachments dnOrder="1">
        <DirectDependency dnOrder="0" id="LCDC">
          <Attributes dnOrder="0">
            <String dnOrder="0" id="targetComponentID">
              <Value dnOrder="0">lcdc</Value>
            </String>
            <String dnOrder="1" id="targetAttachmentID">
              <Value dnOrder="0">LCDC_LCDC</Value>
            </String>
          </Attributes>
        </DirectDependency>
        <DirectCapability dnOrder="1" id="gfx_driver_lcdc">
          <Attributes dnOrder="0">
            <String dnOrder="0" id="targetComponentID">
              <Value dnOrder="0">gfx_hal</Value>
            </String>
            <String dnOrder="1" id="targetAttachmentID">
              <Value dnOrder="0">gfx_display_driver</Value>
            </String>
          </Attributes>
        </DirectCapability>
      </Attachments>
    </UniqueComponent>
    <UniqueComponent dnOrder="9" id="gfx_gfx2d">
      <Symbols dnOrder="0">
        <Combo dnOrder="0" id="DRV_GFX2D_MODE">
          <Values dnOrder="0">
            <Dynamic dnOrder="0" id="gfx_gfx2d" value="Asynchronous"/>
          </Values>
        </Combo>
      </Symbols>
      <Attachments dnOrder="1">
        <DirectDependency dnOrder="0" id="GFX2D">
          <Attributes dnOrder="0">
            <String dnOrder="0" id="targetComponentID">
              <Value dnOrder="0">plib_gfx2d</Value>
            </String>
            <String dnOrder="1" id="targetAttachmentID">
              <Value dnOrder="0">GFX2D</Value>
            </String>
          </Attributes>
        </DirectDependency>
        <DirectCapability dnOrder="1" id="gfx_driver_gfx2d">
          <Attributes dnOrder="0">
            <String dnOrder="0" id="targetComponentID">
              <Value dnOrder="0">gfx_hal</Value>
            </String>
            <String dnOrder="1" id="targetAttachmentID">
              <Value dnOrder="0">gfx_graphics_processor</Value>
            </String>
          </Attributes>
        </DirectCapability>
      </Attachments>
    </UniqueComponent>
    <UniqueComponent dnOrder="10" id="gfx_hal">
      <Symbols dnOrder="0">
        <Combo dnOrder="0" id="ColorModeHint">
          <Values dnOrder="0">
            <Dynamic dnOrder="0" id="aria_gfx_pda_tm4301b" value="GFX_COLOR_MODE_RGBA_8888"/>
          </Values>
        </Combo>
        <Boolean dnOrder="1" id="DisableGlobalPaletteModeHint">
          <Values dnOrder="0">
            <Dynamic dnOrder="0" id="aria_gfx_library" value="true"/>
          </Values>
        </Boolean>
        <Integer dnOrder="2" id="DisplayBacklightDisable">
          <Values dnOrder="0">
            <Dynamic dnOrder="0" id="gfx_hal" value="1"/>
          </Values>
        </Integer>
        <Integer dnOrder="3" id="DisplayBacklightEnable">
          <Values dnOrder="0">
            <Dynamic dnOrder="0" id="gfx_hal" value="1"/>
          </Values>
        </Integer>
        <Boolean dnOrder="4" id="DisplayChipSelectPolarity">
          <Values dnOrder="0">
            <Dynamic dnOrder="0" id="gfx_hal" value="true"/>
          </Values>
        </Boolean>
        <Boolean dnOrder="5" id="DisplayDataEnable">
          <Values dnOrder="0">
            <Dynamic dnOrder="0" id="gfx_hal" value="true"/>
          </Values>
        </Boolean>
        <Boolean dnOrder="6" id="DisplayDataEnablePolarity">
          <Values dnOrder="0">
            <Dynamic dnOrder="0" id="gfx_hal" value="true"/>
          </Values>
        </Boolean>
        <Integer dnOrder="7" id="DisplayDataWidth">
          <Values dnOrder="0">
            <Dynamic dnOrder="0" id="gfx_hal" value="16"/>
          </Values>
        </Integer>
        <Boolean dnOrder="8" id="DisplayHSYNCNegative">
          <Values dnOrder="0">
            <Dynamic dnOrder="0" id="gfx_hal" value="false"/>
          </Values>
        </Boolean>
        <Integer dnOrder="9" id="DisplayHeight">
          <Values dnOrder="0">
            <Dynamic dnOrder="0" id="gfx_hal" value="272"/>
          </Values>
        </Integer>
        <Integer dnOrder="10" id="DisplayHorzBackPorch">
          <Values dnOrder="0">
            <Dynamic dnOrder="0" id="gfx_hal" value="2"/>
          </Values>
        </Integer>
        <Integer dnOrder="11" id="DisplayHorzFrontPorch">
          <Values dnOrder="0">
            <Dynamic dnOrder="0" id="gfx_hal" value="2"/>
          </Values>
        </Integer>
        <Integer dnOrder="12" id="DisplayHorzPulseWidth">
          <Values dnOrder="0">
            <Dynamic dnOrder="0" id="gfx_hal" value="41"/>
          </Values>
        </Integer>
        <Boolean dnOrder="13" id="DisplayInvLeftShift">
          <Values dnOrder="0">
            <Dynamic dnOrder="0" id="gfx_hal" value="false"/>
          </Values>
        </Boolean>
        <String dnOrder="14" id="DisplayName">
          <Values dnOrder="0">
            <Dynamic dnOrder="0" id="gfx_hal" value="PDA TM4301B"/>
          </Values>
        </String>
        <Boolean dnOrder="15" id="DisplayResetPolarity">
          <Values dnOrder="0">
            <Dynamic dnOrder="0" id="gfx_hal" value="true"/>
          </Values>
        </Boolean>
        <Boolean dnOrder="16" id="DisplayUseChipSelect">
          <Values dnOrder="0">
            <Dynamic dnOrder="0" id="gfx_hal" value="false"/>
          </Values>
        </Boolean>
        <Boolean dnOrder="17" id="DisplayUseReset">
          <Values dnOrder="0">
            <Dynamic dnOrder="0" id="gfx_hal" value="true"/>
          </Values>
        </Boolean>
        <Boolean dnOrder="18" id="DisplayVSYNCNegative">
          <Values dnOrder="0">
            <Dynamic dnOrder="0" id="gfx_hal" value="false"/>
          </Values>
        </Boolean>
        <Integer dnOrder="19" id="DisplayVertBackPorch">
          <Values dnOrder="0">
            <Dynamic dnOrder="0" id="gfx_hal" value="2"/>
          </Values>
        </Integer>
        <Integer dnOrder="20" id="DisplayVertFrontPorch">
          <Values dnOrder="0">
            <Dynamic dnOrder="0" id="gfx_hal" value="2"/>
          </Values>
        </Integer>
        <Integer dnOrder="21" id="DisplayVertPulseWidth">
          <Values dnOrder="0">
            <Dynamic dnOrder="0" id="gfx_hal" value="10"/>
          </Values>
        </Integer>
        <Integer dnOrder="22" id="DisplayWidth">
          <Values dnOrder="0">
            <Dynamic dnOrder="0" id="gfx_hal" value="480"/>
          </Values>
        </Integer>
        <String dnOrder="23" id="DriverInfoFunction">
          <Values dnOrder="0">
            <Dynamic dnOrder="0" id="gfx_hal" value="driverLCDCInfoGet"/>
          </Values>
        </String>
        <String dnOrder="24" id="DriverInitFunction">
          <Values dnOrder="0">
            <Dynamic dnOrder="0" id="gfx_hal" value="driverLCDCContextInitialize"/>
          </Values>
        </String>
        <Boolean dnOrder="25" id="GlobalPaletteModeHint">
          <Values dnOrder="0">
            <Dynamic dnOrder="0" id="aria_gfx_library" value="false"/>
          </Values>
        </Boolean>
        <Integer dnOrder="26" id="HardwareLayerCountHint">
          <Values dnOrder="0">
            <Dynamic dnOrder="0" id="gfx_driver_lcdc" value="3"/>
          </Values>
        </Integer>
        <Integer dnOrder="27" id="PixelClock">
          <Values dnOrder="0">
            <Dynamic dnOrder="0" id="gfx_hal" value="25000000"/>
          </Values>
        </Integer>
        <Integer dnOrder="28" id="PixelClockHint">
          <Values dnOrder="0">
            <Dynamic dnOrder="0" id="gfx_driver_lcdc" value="25000000"/>
          </Values>
        </Integer>
        <String dnOrder="29" id="ProcInfoFunction">
          <Values dnOrder="0">
            <Dynamic dnOrder="0" id="gfx_hal" value="procGFX2DInfoGet"/>
          </Values>
        </String>
        <String dnOrder="30" id="ProcInitFunction">
          <Values dnOrder="0">
            <Dynamic dnOrder="0" id="gfx_hal" value="procGFX2DContextInitialize"/>
          </Values>
        </String>
        <Integer dnOrder="31" id="RefreshRate">
          <Values dnOrder="0">
            <Dynamic dnOrder="0" id="gfx_hal" value="166"/>
          </Values>
        </Integer>
      </Symbols>
      <Attachments dnOrder="1">
        <DirectDependency dnOrder="0" id="gfx_display">
          <Attributes dnOrder="0">
            <String dnOrder="0" id="targetComponentID">
              <Value dnOrder="0">gfx_disp_pdatm4301b_480x272</Value>
            </String>
            <String dnOrder="1" id="targetAttachmentID">
              <Value dnOrder="0">gfx_display</Value>
            </String>
          </Attributes>
        </DirectDependency>
        <DirectDependency dnOrder="1" id="gfx_display_driver">
          <Attributes dnOrder="0">
            <String dnOrder="0" id="targetComponentID">
              <Value dnOrder="0">gfx_driver_lcdc</Value>
            </String>
            <String dnOrder="1" id="targetAttachmentID">
              <Value dnOrder="0">gfx_driver_lcdc</Value>
            </String>
          </Attributes>
        </DirectDependency>
        <DirectDependency dnOrder="2" id="gfx_graphics_processor">
          <Attributes dnOrder="0">
            <String dnOrder="0" id="targetComponentID">
              <Value dnOrder="0">gfx_gfx2d</Value>
            </String>
            <String dnOrder="1" id="targetAttachmentID">
              <Value dnOrder="0">gfx_driver_gfx2d</Value>
            </String>
          </Attributes>
        </DirectDependency>
        <DirectCapability dnOrder="3" id="gfx_hal">
          <Attributes dnOrder="0">
            <String dnOrder="0" id="targetComponentID">
              <Value dnOrder="0">aria_gfx_library</Value>
            </String>
            <String dnOrder="1" id="targetAttachmentID">
              <Value dnOrder="0">gfx_hal</Value>
            </String>
          </Attributes>
        </DirectCapability>
      </Attachments>
    </UniqueComponent>
    <UniqueComponent dnOrder="11" id="gfx_maxtouch_controller">
      <Symbols dnOrder="0">
        <Combo dnOrder="0" id="DRV_I2C_MODE">
          <Values dnOrder="0">
            <Dynamic dnOrder="0" id="gfx_maxtouch_controller" value="Asynchronous"/>
          </Values>
        </Combo>
        <Integer dnOrder="1" id="Height">
          <Values dnOrder="0">
            <Dynamic dnOrder="0" id="gfx_maxtouch_controller" value="272"/>
          </Values>
        </Integer>
        <Integer dnOrder="2" id="I2CIndex">
          <Values dnOrder="0">
            <Dynamic dnOrder="0" id="gfx_maxtouch_controller" value="0"/>
          </Values>
        </Integer>
        <Integer dnOrder="3" id="Width">
          <Values dnOrder="0">
            <Dynamic dnOrder="0" id="gfx_maxtouch_controller" value="480"/>
          </Values>
        </Integer>
      </Symbols>
      <Attachments dnOrder="1">
        <DirectDependency dnOrder="0" id="i2c">
          <Attributes dnOrder="0">
            <String dnOrder="0" id="targetComponentID">
              <Value dnOrder="0">drv_i2c_0</Value>
            </String>
            <String dnOrder="1" id="targetAttachmentID">
              <Value dnOrder="0">drv_i2c</Value>
            </String>
          </Attributes>
        </DirectDependency>
        <DirectDependency dnOrder="1" id="touch_panel">
          <Attributes dnOrder="0">
            <String dnOrder="0" id="targetComponentID">
              <Value dnOrder="0">gfx_disp_pdatm4301b_480x272</Value>
            </String>
            <String dnOrder="1" id="targetAttachmentID">
              <Value dnOrder="0">touch_panel</Value>
            </String>
          </Attributes>
        </DirectDependency>
      </Attachments>
    </UniqueComponent>
    <UniqueComponent dnOrder="12" id="HarmonyCore">
      <Symbols dnOrder="0">
        <File dnOrder="0" id="APP0_C">
          <Attributes dnOrder="0">
            <Boolean dnOrder="0" id="enabled">
              <Value dnOrder="0">true</Value>
            </Boolean>
          </Attributes>
        </File>
        <File dnOrder="1" id="APP0_H">
          <Attributes dnOrder="0">
            <Boolean dnOrder="0" id="enabled">
              <Value dnOrder="0">true</Value>
            </Boolean>
          </Attributes>
        </File>
        <File dnOrder="2" id="DRIVER_COMMON">
          <Attributes dnOrder="0">
            <Boolean dnOrder="0" id="enabled">
              <Value dnOrder="0">true</Value>
            </Boolean>
          </Attributes>
        </File>
        <File dnOrder="3" id="DRIVER_ROOT">
          <Attributes dnOrder="0">
            <Boolean dnOrder="0" id="enabled">
              <Value dnOrder="0">true</Value>
            </Boolean>
          </Attributes>
        </File>
        <Boolean dnOrder="4" id="ENABLE_APP_FILE">
          <Values dnOrder="0">
            <Dynamic dnOrder="0" id="HarmonyCore" value="true"/>
          </Values>
        </Boolean>
        <Boolean dnOrder="5" id="ENABLE_DRV_COMMON">
          <Values dnOrder="0">
            <Dynamic dnOrder="0" id="drv_i2c" value="true"/>
          </Values>
        </Boolean>
        <Boolean dnOrder="6" id="ENABLE_OSAL">
          <Values dnOrder="0">
            <Dynamic dnOrder="0" id="HarmonyCore" value="true"/>
          </Values>
        </Boolean>
        <Boolean dnOrder="7" id="ENABLE_SYS_CACHE">
          <Values dnOrder="0">
            <Dynamic dnOrder="0" id="HarmonyCore" value="true"/>
          </Values>
        </Boolean>
        <Boolean dnOrder="8" id="ENABLE_SYS_COMMON">
          <Values dnOrder="0">
            <Dynamic dnOrder="0" id="drv_i2c" value="true"/>
          </Values>
        </Boolean>
        <Boolean dnOrder="9" id="ENABLE_SYS_INT">
          <Values dnOrder="0">
            <Dynamic dnOrder="0" id="HarmonyCore" value="true"/>
          </Values>
        </Boolean>
        <Combo dnOrder="10" id="SELECT_RTOS">
          <Values dnOrder="0">
            <Dynamic dnOrder="0" id="HarmonyCore" value="BareMetal"/>
          </Values>
        </Combo>
        <File dnOrder="11" id="SYS_CACHE_DEF">
          <Attributes dnOrder="0">
            <Boolean dnOrder="0" id="enabled">
              <Value dnOrder="0">true</Value>
            </Boolean>
          </Attributes>
        </File>
        <File dnOrder="12" id="SYS_CACHE_HEADER">
          <Attributes dnOrder="0">
            <Boolean dnOrder="0" id="enabled">
              <Value dnOrder="0">true</Value>
            </Boolean>
          </Attributes>
        </File>
        <File dnOrder="13" id="SYS_CACHE_SOURCE">
          <Attributes dnOrder="0">
            <Boolean dnOrder="0" id="enabled">
              <Value dnOrder="0">true</Value>
            </Boolean>
          </Attributes>
        </File>
      </Symbols>
    </UniqueComponent>
    <UniqueComponent dnOrder="13" id="lcdc">
      <Attachments dnOrder="0">
        <DirectCapability dnOrder="0" id="LCDC_LCDC">
          <Attributes dnOrder="0">
            <String dnOrder="0" id="targetComponentID">
              <Value dnOrder="0">gfx_driver_lcdc</Value>
            </String>
            <String dnOrder="1" id="targetAttachmentID">
              <Value dnOrder="0">LCDC</Value>
            </String>
          </Attributes>
        </DirectCapability>
      </Attachments>
    </UniqueComponent>
    <UniqueComponent dnOrder="14" id="plib_gfx2d">
      <Attachments dnOrder="0">
        <DirectCapability dnOrder="0" id="GFX2D">
          <Attributes dnOrder="0">
            <String dnOrder="0" id="targetComponentID">
              <Value dnOrder="0">gfx_gfx2d</Value>
            </String>
            <String dnOrder="1" id="targetAttachmentID">
              <Value dnOrder="0">GFX2D</Value>
            </String>
          </Attributes>
        </DirectCapability>
      </Attachments>
    </UniqueComponent>
    <UniqueComponent dnOrder="15" id="sys_input">
      <Symbols dnOrder="0">
        <Boolean dnOrder="0" id="RTOSEnabled">
          <Values dnOrder="0">
            <Dynamic dnOrder="0" id="sys_input" value="false"/>
          </Values>
        </Boolean>
      </Symbols>
    </UniqueComponent>
    <UniqueComponent dnOrder="16" id="sys_time">
      <Symbols dnOrder="0">
        <String dnOrder="0" id="SYS_TIME_PLIB">
          <Values dnOrder="0">
            <Dynamic dnOrder="0" id="sys_time" value="TC0"/>
          </Values>
        </String>
        <String dnOrder="1" id="SYS_TIME_REMOTE_COMPONENT_ID">
          <Values dnOrder="0">
            <Dynamic dnOrder="0" id="sys_time" value="tc0"/>
          </Values>
        </String>
      </Symbols>
      <Attachments dnOrder="1">
        <DirectDependency dnOrder="0" id="sys_time_TMR_dependency">
          <Attributes dnOrder="0">
            <String dnOrder="0" id="targetComponentID">
              <Value dnOrder="0">tc0</Value>
            </String>
            <String dnOrder="1" id="targetAttachmentID">
              <Value dnOrder="0">TC0_TMR</Value>
            </String>
          </Attributes>
        </DirectDependency>
      </Attachments>
    </UniqueComponent>
    <UniqueComponent dnOrder="17" id="tc0">
      <Symbols dnOrder="0">
        <String dnOrder="0" id="CALLBACK_API_NAME">
          <Values dnOrder="0">
            <Dynamic dnOrder="0" id="tc0" value="TC0_CH0_TimerCallbackRegister"/>
          </Values>
        </String>
        <String dnOrder="1" id="COMPARE_SET_API_NAME">
          <Values dnOrder="0">
            <Dynamic dnOrder="0" id="tc0" value="TC0_CH0_TimerCompareSet"/>
          </Values>
        </String>
        <String dnOrder="2" id="COUNTER_GET_API_NAME">
          <Values dnOrder="0">
            <Dynamic dnOrder="0" id="tc0" value="TC0_CH0_TimerCounterGet"/>
          </Values>
        </String>
        <String dnOrder="3" id="FREQUENCY_GET_API_NAME">
          <Values dnOrder="0">
            <Dynamic dnOrder="0" id="tc0" value="TC0_CH0_TimerFrequencyGet"/>
          </Values>
        </String>
        <String dnOrder="4" id="IRQ_ENUM_NAME">
          <Values dnOrder="0">
            <Dynamic dnOrder="0" id="tc0" value="TC0_IRQn"/>
          </Values>
        </String>
        <String dnOrder="5" id="PERIOD_SET_API_NAME">
          <Values dnOrder="0">
            <Dynamic dnOrder="0" id="tc0" value="TC0_CH0_TimerPeriodSet"/>
          </Values>
        </String>
        <String dnOrder="6" id="SYS_TIME_COMPONENT_ID">
          <Values dnOrder="0">
            <Dynamic dnOrder="0" id="tc0" value="sys_time"/>
          </Values>
        </String>
        <String dnOrder="7" id="SYS_TIME_PLIB_OPERATION_MODE">
          <Values dnOrder="0">
            <Dynamic dnOrder="0" id="tc0" value="SYS_TIME_PLIB_MODE_COMPARE"/>
          </Values>
        </String>
        <KeyValueSet dnOrder="8" id="SYS_TIME_TC_CHANNEL">
          <Values dnOrder="0">
            <Dynamic dnOrder="0" id="tc0" value="0"/>
          </Values>
        </KeyValueSet>
        <Boolean dnOrder="9" id="TC0_CH0_INTERRUPT_ENABLE">
          <Values dnOrder="0">
            <Dynamic dnOrder="0" id="tc0" value="true"/>
          </Values>
        </Boolean>
        <String dnOrder="10" id="TC0_CH0_INTERRUPT_HANDLER">
          <Values dnOrder="0">
            <Dynamic dnOrder="0" id="tc0" value="TC0_CH0_InterruptHandler"/>
          </Values>
        </String>
        <Boolean dnOrder="11" id="TC0_CH0_INTERRUPT_HANDLER_LOCK">
          <Values dnOrder="0">
            <Dynamic dnOrder="0" id="tc0" value="true"/>
          </Values>
        </Boolean>
        <Boolean dnOrder="12" id="TC0_CH1_INTERRUPT_ENABLE">
          <Values dnOrder="0">
            <Dynamic dnOrder="0" id="tc0" value="false"/>
          </Values>
        </Boolean>
        <String dnOrder="13" id="TC0_CH1_INTERRUPT_HANDLER">
          <Values dnOrder="0">
            <Dynamic dnOrder="0" id="tc0" value="TC0_CH1_Handler"/>
          </Values>
        </String>
        <Boolean dnOrder="14" id="TC0_CH1_INTERRUPT_HANDLER_LOCK">
          <Values dnOrder="0">
            <Dynamic dnOrder="0" id="tc0" value="false"/>
          </Values>
        </Boolean>
        <Boolean dnOrder="15" id="TC0_CH2_INTERRUPT_ENABLE">
          <Values dnOrder="0">
            <Dynamic dnOrder="0" id="tc0" value="false"/>
          </Values>
        </Boolean>
        <String dnOrder="16" id="TC0_CH2_INTERRUPT_HANDLER">
          <Values dnOrder="0">
            <Dynamic dnOrder="0" id="tc0" value="TC0_CH2_Handler"/>
          </Values>
        </String>
        <Boolean dnOrder="17" id="TC0_CH2_INTERRUPT_HANDLER_LOCK">
          <Values dnOrder="0">
            <Dynamic dnOrder="0" id="tc0" value="false"/>
          </Values>
        </Boolean>
        <Integer dnOrder="18" id="TC0_CLOCK_FREQ">
          <Values dnOrder="0">
            <Dynamic dnOrder="0" id="tc0" value="200000000"/>
          </Values>
        </Integer>
        <Boolean dnOrder="19" id="TC0_ENABLE">
          <Values dnOrder="0">
            <Dynamic dnOrder="0" id="tc0" value="true"/>
          </Values>
        </Boolean>
        <Boolean dnOrder="20" id="TC0_IER_CPAS">
          <Values dnOrder="0">
            <Dynamic dnOrder="0" id="tc0" value="true"/>
          </Values>
        </Boolean>
        <Boolean dnOrder="21" id="TC0_IER_CPCS">
          <Values dnOrder="0">
            <Dynamic dnOrder="0" id="tc0" value="false"/>
          </Values>
        </Boolean>
        <Comment dnOrder="22" id="TC0_Resolution">
          <Attributes dnOrder="0">
            <String dnOrder="0" id="text">
              <Value dnOrder="0">****Clock&amp;#160;resolution&amp;#160;is&amp;#160;5.0&amp;#160;nS****</Value>
            </String>
          </Attributes>
        </Comment>
        <Boolean dnOrder="23" id="TC0_SYS_TIME_CONNECTED">
          <Values dnOrder="0">
            <Dynamic dnOrder="0" id="tc0" value="true"/>
          </Values>
        </Boolean>
        <Comment dnOrder="24" id="TC0_TIMER_PERIOD_CMT">
          <Attributes dnOrder="0">
            <String dnOrder="0" id="text">
              <Value dnOrder="0">****Period&amp;#160;Count&amp;#160;is&amp;#160;0****</Value>
            </String>
          </Attributes>
        </Comment>
        <Long dnOrder="25" id="TC0_TIMER_PERIOD_COUNT">
          <Values dnOrder="0">
            <Dynamic dnOrder="0" id="tc0" value="0"/>
          </Values>
        </Long>
        <Float dnOrder="26" id="TC0_TIMER_PERIOD_MS">
          <Values dnOrder="0">
            <Dynamic dnOrder="0" id="tc0" value="0.0"/>
          </Values>
        </Float>
        <Boolean dnOrder="27" id="TC1_ENABLE">
          <Values dnOrder="0">
            <Dynamic dnOrder="0" id="tc0" value="false"/>
          </Values>
        </Boolean>
        <Boolean dnOrder="28" id="TC1_IER_CPAS">
          <Values dnOrder="0">
            <Dynamic dnOrder="0" id="tc0" value="false"/>
          </Values>
        </Boolean>
        <Boolean dnOrder="29" id="TC1_IER_CPCS">
          <Values dnOrder="0">
            <Dynamic dnOrder="0" id="tc0" value="false"/>
          </Values>
        </Boolean>
        <Boolean dnOrder="30" id="TC1_SYS_TIME_CONNECTED">
          <Values dnOrder="0">
            <Dynamic dnOrder="0" id="tc0" value="false"/>
          </Values>
        </Boolean>
        <Comment dnOrder="31" id="TC1_TIMER_PERIOD_CMT">
          <Attributes dnOrder="0">
            <String dnOrder="0" id="text">
              <Value dnOrder="0">****Period&amp;#160;Count&amp;#160;is&amp;#160;0****</Value>
            </String>
          </Attributes>
        </Comment>
        <Long dnOrder="32" id="TC1_TIMER_PERIOD_COUNT">
          <Values dnOrder="0">
            <Dynamic dnOrder="0" id="tc0" value="0"/>
          </Values>
        </Long>
        <Float dnOrder="33" id="TC1_TIMER_PERIOD_MS">
          <Values dnOrder="0">
            <Dynamic dnOrder="0" id="tc0" value="0.0"/>
          </Values>
        </Float>
        <Boolean dnOrder="34" id="TC2_ENABLE">
          <Values dnOrder="0">
            <Dynamic dnOrder="0" id="tc0" value="false"/>
          </Values>
        </Boolean>
        <Boolean dnOrder="35" id="TC2_IER_CPAS">
          <Values dnOrder="0">
            <Dynamic dnOrder="0" id="tc0" value="false"/>
          </Values>
        </Boolean>
        <Boolean dnOrder="36" id="TC2_IER_CPCS">
          <Values dnOrder="0">
            <Dynamic dnOrder="0" id="tc0" value="false"/>
          </Values>
        </Boolean>
        <Boolean dnOrder="37" id="TC2_SYS_TIME_CONNECTED">
          <Values dnOrder="0">
            <Dynamic dnOrder="0" id="tc0" value="false"/>
          </Values>
        </Boolean>
        <Comment dnOrder="38" id="TC2_TIMER_PERIOD_CMT">
          <Attributes dnOrder="0">
            <String dnOrder="0" id="text">
              <Value dnOrder="0">****Period&amp;#160;Count&amp;#160;is&amp;#160;0****</Value>
            </String>
          </Attributes>
        </Comment>
        <Long dnOrder="39" id="TC2_TIMER_PERIOD_COUNT">
          <Values dnOrder="0">
            <Dynamic dnOrder="0" id="tc0" value="0"/>
          </Values>
        </Long>
        <Float dnOrder="40" id="TC2_TIMER_PERIOD_MS">
          <Values dnOrder="0">
            <Dynamic dnOrder="0" id="tc0" value="0.0"/>
          </Values>
        </Float>
        <Integer dnOrder="41" id="TC3_CLOCK_FREQ">
          <Values dnOrder="0">
            <Dynamic dnOrder="0" id="tc0" value="200000000"/>
          </Values>
        </Integer>
        <Boolean dnOrder="42" id="TC3_PCK7">
          <Values dnOrder="0">
            <Dynamic dnOrder="0" id="tc0" value="false"/>
          </Values>
        </Boolean>
        <Boolean dnOrder="43" id="TC_COMMON_INTERRUPT_STATUS">
          <Values dnOrder="0">
            <Dynamic dnOrder="0" id="tc0" value="true"/>
          </Values>
        </Boolean>
        <Comment dnOrder="44" id="TC_QEI_PERIOD_COMMENT">
          <Attributes dnOrder="0">
            <String dnOrder="0" id="text">
              <Value dnOrder="0">****Time&amp;#160;Base&amp;#160;is&amp;#160;75.075&amp;#160;uS****</Value>
            </String>
          </Attributes>
        </Comment>
        <String dnOrder="45" id="TIMER_START_API_NAME">
          <Values dnOrder="0">
            <Dynamic dnOrder="0" id="tc0" value="TC0_CH0_TimerStart"/>
          </Values>
        </String>
        <String dnOrder="46" id="TIMER_STOP_API_NAME">
          <Values dnOrder="0">
            <Dynamic dnOrder="0" id="tc0" value="TC0_CH0_TimerStop "/>
          </Values>
        </String>
      </Symbols>
      <Attachments dnOrder="1">
        <DirectCapability dnOrder="0" id="TC0_TMR">
          <Attributes dnOrder="0">
            <String dnOrder="0" id="targetComponentID">
              <Value dnOrder="0">sys_time</Value>
            </String>
            <String dnOrder="1" id="targetAttachmentID">
              <Value dnOrder="0">sys_time_TMR_dependency</Value>
            </String>
          </Attributes>
        </DirectCapability>
      </Attachments>
    </UniqueComponent>
  </Components>
  <UserData>
    <GraphSettings canvasHeight="400" canvasWidth="400" dnOrder="0"/>
    <ComponentGraph dnOrder="1" id="__ROOTVIEW">
      <ElementPositions dnOrder="0">
        <ElementPosition dnOrder="0" id="BSP_SAM_9X60_Evaluation_Kit" x="340" y="20"/>
        <ElementPosition dnOrder="1" id="HarmonyCore" x="190" y="60"/>
        <ElementPosition dnOrder="2" id="aria_gfx_library" x="610" y="100"/>
        <ElementPosition dnOrder="3" id="aria_gfx_pda_tm4301b" x="30" y="480"/>
        <ElementPosition dnOrder="4" id="core" x="240" y="20"/>
        <ElementPosition dnOrder="5" id="dfp" x="20" y="20"/>
        <ElementPosition dnOrder="6" id="drv_i2c" x="390" y="300"/>
        <ElementPosition dnOrder="7" id="flexcom6" x="230" y="280"/>
        <ElementPosition dnOrder="8" id="gfx_disp_pdatm4301b_480x272" x="230" y="180"/>
        <ElementPosition dnOrder="9" id="gfx_driver_lcdc" x="630" y="200"/>
        <ElementPosition dnOrder="10" id="gfx_gfx2d" x="190" y="380"/>
        <ElementPosition dnOrder="11" id="gfx_hal" x="30" y="160"/>
        <ElementPosition dnOrder="12" id="gfx_maxtouch_controller" x="410" y="180"/>
        <ElementPosition dnOrder="13" id="lcdc" x="30" y="60"/>
        <ElementPosition dnOrder="14" id="plib_gfx2d" x="551" y="380"/>
        <ElementPosition dnOrder="15" id="sys_input" x="370" y="100"/>
        <ElementPosition dnOrder="16" id="sys_time" x="30" y="320"/>
        <ElementPosition dnOrder="17" id="tc0" x="550" y="300"/>
      </ElementPositions>
    </ComponentGraph>
  </UserData>
</Configuration>
